#SampleID	filename	Gender	UNC	GLY	SUL	Tetra	TAU	OXO	AA	MIXED	HOST	MICROBIAL
BP000096845.n.mzML.1	BP000096845.n.mzML	Male	1	1	0	0	0	0	0	1	0	0
BP000096845.p.mzML.1	BP000096845.p.mzML	Male	1	1	0	0	0	1	0	1	0	1
BP000096853.n.mzML.1	BP000096853.n.mzML	Male	1	1	0	0	0	0	0	1	0	0
BP000096853.p.mzML.1	BP000096853.p.mzML	Male	1	1	0	0	0	1	0	1	0	1
BP000096861.n.mzML.1	BP000096861.n.mzML	Male	1	1	0	0	0	0	0	1	0	0
BP000096861.p.mzML.1	BP000096861.p.mzML	Male	1	1	0	0	1	1	0	1	1	1
BP000096877.n.mzML.1	BP000096877.n.mzML	Male	1	1	0	0	0	0	0	1	0	0
BP000096877.p.mzML.1	BP000096877.p.mzML	Male	1	1	0	0	0	1	0	1	0	1
BP000096893.n.mzML.1	BP000096893.n.mzML	Male	1	1	0	0	0	0	0	1	0	0
BP000096893.p.mzML.1	BP000096893.p.mzML	Male	1	1	0	0	1	1	0	1	1	1
BP000096909.n.mzML.1	BP000096909.n.mzML	Male	1	1	0	0	0	0	0	1	0	0
BP000096909.p.mzML.1	BP000096909.p.mzML	Male	1	1	0	1	1	1	0	1	1	1
BP000096925.n.mzML.1	BP000096925.n.mzML	Male	1	1	0	0	0	0	0	1	0	0
BP000096925.p.mzML.1	BP000096925.p.mzML	Male	1	1	0	0	1	1	0	1	1	1
BP000096941.n.mzML.1	BP000096941.n.mzML	Male	1	1	0	0	0	0	0	1	0	0
BP000096941.p.mzML.1	BP000096941.p.mzML	Male	1	1	0	0	0	1	0	1	0	1
BP000096957.n.mzML.1	BP000096957.n.mzML	Male	1	1	0	0	0	0	0	1	0	0
BP000096957.p.mzML.1	BP000096957.p.mzML	Male	1	1	0	0	1	1	0	1	1	1
BP000096965.n.mzML.1	BP000096965.n.mzML	Male	1	1	0	0	0	0	0	1	0	0
BP000096965.p.mzML.1	BP000096965.p.mzML	Male	1	1	0	0	0	1	0	1	0	1
BP000096973.n.mzML.1	BP000096973.n.mzML	Male	1	1	0	0	0	0	0	1	0	0
BP000096973.p.mzML.1	BP000096973.p.mzML	Male	1	1	0	0	1	1	0	1	1	1
BP000096989.n.mzML.1	BP000096989.n.mzML	Male	1	1	0	0	0	0	0	1	0	0
BP000096989.p.mzML.1	BP000096989.p.mzML	Male	1	1	0	0	0	0	0	1	0	0
BP000097005.n.mzML.1	BP000097005.n.mzML	Male	1	1	0	0	0	0	0	1	0	0
BP000097005.p.mzML.1	BP000097005.p.mzML	Male	1	1	0	0	0	1	0	1	0	1
BP000097021.n.mzML.1	BP000097021.n.mzML	Male	1	1	0	0	0	0	0	1	0	0
BP000097021.p.mzML.1	BP000097021.p.mzML	Male	1	1	0	0	0	1	0	1	0	1
BP000097029.n.mzML.1	BP000097029.n.mzML	Male	1	1	0	0	0	0	0	1	0	0
BP000097029.p.mzML.1	BP000097029.p.mzML	Male	1	1	0	0	0	1	0	1	0	1
BP000097061.n.mzML.1	BP000097061.n.mzML	Male	1	0	0	0	0	0	0	1	0	0
BP000097061.p.mzML.1	BP000097061.p.mzML	Male	1	0	0	0	0	1	0	1	0	1
BP000097077.n.mzML.1	BP000097077.n.mzML	Male	1	1	0	0	0	0	0	1	0	0
BP000097077.p.mzML.1	BP000097077.p.mzML	Male	1	1	0	0	0	1	0	1	0	1
BP000097153.n.mzML.1	BP000097153.n.mzML	Male	1	1	0	0	0	0	0	1	0	0
BP000097153.p.mzML.1	BP000097153.p.mzML	Male	1	1	0	0	1	1	0	1	1	1
BP000097169.n.mzML.1	BP000097169.n.mzML	Male	1	1	0	0	0	0	0	1	0	0
BP000097169.p.mzML.1	BP000097169.p.mzML	Male	1	1	0	0	0	1	0	1	0	1
BP000097185.n.mzML.1	BP000097185.n.mzML	Male	1	1	0	0	0	0	0	1	0	0
BP000097185.p.mzML.1	BP000097185.p.mzML	Male	1	1	0	0	0	1	0	1	0	1
BP000098339.n.mzML.1	BP000098339.n.mzML	Male	1	0	0	0	0	0	0	1	0	0
BP000098339.p.mzML.1	BP000098339.p.mzML	Male	1	1	0	0	0	1	0	1	0	1
BP000098355.n.mzML.1	BP000098355.n.mzML	Male	1	1	0	0	0	0	0	1	0	0
BP000098355.p.mzML.1	BP000098355.p.mzML	Male	1	1	0	0	1	1	0	1	1	1
BP000098363.n.mzML.1	BP000098363.n.mzML	Male	1	1	0	0	0	0	0	1	0	0
BP000098363.p.mzML.1	BP000098363.p.mzML	Male	1	1	0	0	0	1	0	1	0	1
BP000098371.n.mzML.1	BP000098371.n.mzML	Male	1	1	0	0	0	0	0	1	0	0
BP000098371.p.mzML.1	BP000098371.p.mzML	Male	1	1	0	0	1	1	0	1	1	1
BP000098379.n.mzML.1	BP000098379.n.mzML	Male	1	0	0	0	0	0	0	1	0	0
BP000098379.p.mzML.1	BP000098379.p.mzML	Male	1	1	0	0	0	1	0	1	0	1
BP000098387.n.mzML.1	BP000098387.n.mzML	Male	1	1	0	0	0	0	0	1	0	0
BP000098387.p.mzML.1	BP000098387.p.mzML	Male	1	1	0	0	0	1	0	1	0	1
BP000098403.n.mzML.1	BP000098403.n.mzML	Male	1	1	0	0	0	0	0	1	0	0
BP000098403.p.mzML.1	BP000098403.p.mzML	Male	1	1	0	0	0	1	0	1	0	1
BP000098427.n.mzML.1	BP000098427.n.mzML	Male	1	1	0	0	0	0	0	1	0	0
BP000098427.p.mzML.1	BP000098427.p.mzML	Male	1	1	0	0	0	1	0	1	0	1
BP000098435.n.mzML.1	BP000098435.n.mzML	Male	1	1	0	0	0	0	0	1	0	0
BP000098435.p.mzML.1	BP000098435.p.mzML	Male	1	1	0	0	0	1	0	1	0	1
BP000098451.n.mzML.1	BP000098451.n.mzML	Male	1	1	0	0	0	0	0	1	0	0
BP000098451.p.mzML.1	BP000098451.p.mzML	Male	1	1	0	0	0	0	0	1	0	0
BP000098467.n.mzML.1	BP000098467.n.mzML	Male	1	1	0	0	0	0	0	1	0	0
BP000098467.p.mzML.1	BP000098467.p.mzML	Male	1	1	0	0	1	1	0	1	1	1
BP000098483.n.mzML.1	BP000098483.n.mzML	Male	1	1	0	0	0	0	0	1	0	0
BP000098483.p.mzML.1	BP000098483.p.mzML	Male	1	1	0	0	1	1	0	1	1	1
BP000098499.n.mzML.1	BP000098499.n.mzML	Male	1	0	0	0	0	0	0	1	0	0
BP000098499.p.mzML.1	BP000098499.p.mzML	Male	1	0	0	0	1	1	0	1	1	1
dhmc.1.10.mzML.1	dhmc_1_10.mzML	Female	1	0	0	0	1	1	0	1	1	1
dhmc.3.1.mzML.1	dhmc.3_1.mzML	Female	1	1	0	0	0	1	1	1	0	1
dhmc.6.10.mzML.1	dhmc.6_10.mzML	Female	1	1	0	0	1	1	1	1	1	1
dhmc.7.10.mzML.1	dhmc.7_10.mzML	Female	1	0	0	0	0	1	1	1	0	1
dhmc.8.10.mzML.1	dhmc.8_10.mzML	Male	1	1	0	1	1	1	0	1	1	1
dhmc.9.10.mzML.1	dhmc.9_10.mzML	Female	1	1	0	0	1	1	1	1	1	1
Fecal.1.3ACN.3IPA.2H2O.RA11.199.mzML.1	Fecal-1-3ACN-3IPA-2H2O.RA11_199.mzML	Male	1	1	0	0	1	1	0	1	1	1
Fecal.1.3ACN.3IPA.2H2O.RA11.200.mzML.1	Fecal-1-3ACN-3IPA-2H2O.RA11.200.mzML	Male	1	1	0	0	1	1	0	1	1	1
Fecal.1.3ACN.3IPA.2H2O.RA11.201.mzML.1	Fecal-1-3ACN-3IPA-2H2O.RA11.201.mzML	Male	1	1	0	0	1	1	0	1	1	1
Fecal.1.5EtOH.5H2O.RA10.151.mzML.1	Fecal-1-5EtOH-5H2O.RA10_151.mzML	Male	1	1	0	0	1	1	0	1	1	1
Fecal.1.5EtOH.5H2O.RA10.152.mzML.1	Fecal-1-5EtOH-5H2O.RA10_152.mzML	Male	1	1	0	1	1	1	0	1	1	1
Fecal.1.5EtOH.5H2O.RA10.153.mzML.1	Fecal-1-5EtOH-5H2O.RA10_153.mzML	Male	1	1	0	0	1	1	0	1	1	1
Fecal.1.5MeOH.5ACN.RA7.116.mzML.1	Fecal-1-5MeOH-5ACN.RA7_116.mzML	Male	1	1	0	0	1	1	0	1	1	1
Fecal.1.5MeOH.5ACN.RA7.117.mzML.1	Fecal-1-5MeOH-5ACN.RA7_117.mzML	Male	1	1	0	0	1	1	0	1	1	1
Fecal.1.5MeOH.5ACN.RA7.118.mzML.1	Fecal-1-5MeOH-5ACN.RA7_118.mzML	Male	1	1	0	0	1	1	0	1	1	1
Fecal.1.5MeOH.5H2O.RA6.155.mzML.1	Fecal-1-5MeOH-5H2O.RA6_155.mzML	Male	1	1	0	0	1	1	0	1	1	1
Fecal.1.5MeOH.5H2O.RA6.156.mzML.1	Fecal-1-5MeOH-5H2O.RA6_156.mzML	Male	1	1	0	1	1	1	0	1	1	1
Fecal.1.5MeOH.5H2O.RA6.157.mzML.1	Fecal-1-5MeOH-5H2O.RA6_157.mzML	Male	1	1	0	0	1	1	0	1	1	1
Fecal.1.6MeOH.4H2O.RA5.132.mzML.1	Fecal-1-6MeOH-4H2O.RA5_132.mzML	Male	1	1	0	0	1	1	0	1	1	1
Fecal.1.6MeOH.4H2O.RA5.133.mzML.1	Fecal-1-6MeOH-4H2O.RA5_133.mzML	Male	1	1	0	0	1	1	0	1	1	1
Fecal.1.6MeOH.4H2O.RA5.134.mzML.1	Fecal-1-6MeOH-4H2O.RA5_134.mzML	Male	1	1	0	0	1	1	0	1	1	1
Fecal.1.7ACN.3H2O.RA9.159.mzML.1	Fecal-1-7ACN-3H2O.RA9_159.mzML	Male	1	1	0	0	1	1	0	1	1	1
Fecal.1.7ACN.3H2O.RA9.160.mzML.1	Fecal-1-7ACN-3H2O.RA9_160.mzML	Male	1	1	0	0	1	1	0	1	1	1
Fecal.1.7ACN.3H2O.RA9.161.mzML.1	Fecal-1-7ACN-3H2O.RA9_161.mzML	Male	1	1	0	0	1	1	0	1	1	1
Fecal.1.7MeOH.3H2O.RA4.100.mzML.1	Fecal-1-7MeOH-3H2O.RA4_100.mzML	Male	1	1	0	0	1	1	0	1	1	1
Fecal.1.7MeOH.3H2O.RA4.101.mzML.1	Fecal-1-7MeOH-3H2O.RA4_101.mzML	Male	1	1	0	0	1	1	0	1	1	1
Fecal.1.7MeOH.3H2O.RA4.102.mzML.1	Fecal-1-7MeOH-3H2O.RA4_102.mzML	Male	1	1	0	0	1	1	0	1	1	1
Fecal.1.8MeOH.2H2O.RA3.81.mzML.1	Fecal-1-8MeOH-2H2O.RA3.81.mzML	Male	1	1	0	0	1	1	0	1	1	1
Fecal.1.8MeOH.2H2O.RA3.82.mzML.1	Fecal-1-8MeOH-2H2O.RA3.82.mzML	Male	1	1	0	0	1	1	0	1	1	1
Fecal.1.8MeOH.2H2O.RA3.83.mzML.1	Fecal-1-8MeOH-2H2O.RA3.83.mzML	Male	1	1	0	0	1	1	0	1	1	1
Fecal.1.9MeOH.1H2O.RA2.65.mzML.1	Fecal-1-9MeOH-1H2O.RA2.65.mzML	Male	1	1	0	0	1	1	0	1	1	1
Fecal.1.9MeOH.1H2O.RA2.66.mzML.1	Fecal-1-9MeOH-1H2O.RA2.66.mzML	Male	1	1	0	0	1	1	0	1	1	1
Fecal.1.9MeOH.1H2O.RA2.67.mzML.1	Fecal-1-9MeOH-1H2O.RA2.67.mzML	Male	1	1	0	0	1	1	0	1	1	1
Fecal.1.ACN.RA8.49.mzML.1	Fecal-1-ACN.RA8.49.mzML	Male	1	0	0	0	0	1	0	1	0	1
Fecal.1.ACN.RA8.50.mzML.1	Fecal-1-ACN.RA8.50.mzML	Male	1	0	0	0	0	1	0	1	0	1
Fecal.1.ACN.RA8.51.mzML.1	Fecal-1-ACN.RA8.51.mzML	Male	1	0	0	0	1	1	0	1	1	1
Fecal.1.MeOH.RA1.33.mzML.1	Fecal-1-MeOH.RA1.33.mzML	Male	1	1	0	0	1	1	0	1	1	1
Fecal.1.MeOH.RA1.34.mzML.1	Fecal-1-MeOH.RA1.34.mzML	Male	1	1	0	1	1	1	0	1	1	1
Fecal.1.MeOH.RA1.35.mzML.1	Fecal-1-MeOH.RA1.35.mzML	Male	1	1	0	0	1	1	0	1	1	1
Fecal.2.3ACN.3IPA.2H2O.RB11.203.mzML.1	Fecal-2-3ACN-3IPA-2H2O.RB11.203.mzML	Male	1	1	0	1	1	1	0	1	1	1
Fecal.2.3ACN.3IPA.2H2O.RB11.204.mzML.1	Fecal-2-3ACN-3IPA-2H2O.RB11.204.mzML	Male	1	1	0	1	1	1	0	1	1	1
Fecal.2.3ACN.3IPA.2H2O.RB11.205.mzML.1	Fecal-2-3ACN-3IPA-2H2O.RB11.205.mzML	Male	1	1	0	0	1	1	0	1	1	1
Fecal.2.5EtOH.5H2O.RB10.163.mzML.1	Fecal-2-5EtOH-5H2O.RB10_163.mzML	Male	1	1	0	1	1	1	0	1	1	1
Fecal.2.5EtOH.5H2O.RB10.164.mzML.1	Fecal-2-5EtOH-5H2O.RB10_164.mzML	Male	1	1	0	1	1	1	0	1	1	1
Fecal.2.5EtOH.5H2O.RB10.165.mzML.1	Fecal-2-5EtOH-5H2O.RB10_165.mzML	Male	1	1	0	0	1	1	0	1	1	1
Fecal.2.5MeOH.5ACN.RB7.120.mzML.1	Fecal-2-5MeOH-5ACN.RB7_120.mzML	Male	1	1	0	1	1	1	0	1	1	1
Fecal.2.5MeOH.5ACN.RB7.121.mzML.1	Fecal-2-5MeOH-5ACN.RB7_121.mzML	Male	1	1	0	0	1	1	0	1	1	1
Fecal.2.5MeOH.5ACN.RB7.122.mzML.1	Fecal-2-5MeOH-5ACN.RB7_122.mzML	Male	1	1	0	1	1	1	0	1	1	1
Fecal.2.5MeOH.5H2O.RB6.167.mzML.1	Fecal-2-5MeOH-5H2O.RB6_167.mzML	Male	1	1	0	1	1	1	0	1	1	1
Fecal.2.5MeOH.5H2O.RB6.168.mzML.1	Fecal-2-5MeOH-5H2O.RB6_168.mzML	Male	1	1	0	1	1	1	0	1	1	1
Fecal.2.5MeOH.5H2O.RB6.169.mzML.1	Fecal-2-5MeOH-5H2O.RB6_169.mzML	Male	1	1	0	1	0	1	0	1	1	1
Fecal.2.6MeOH.4H2O.RB5.136.mzML.1	Fecal-2-6MeOH-4H2O.RB5_136.mzML	Male	1	1	0	1	0	1	0	1	1	1
Fecal.2.6MeOH.4H2O.RB5.137.mzML.1	Fecal-2-6MeOH-4H2O.RB5_137.mzML	Male	1	1	0	1	0	1	0	1	1	1
Fecal.2.6MeOH.4H2O.RB5.138.mzML.1	Fecal-2-6MeOH-4H2O.RB5_138.mzML	Male	1	1	0	1	0	1	0	1	1	1
Fecal.2.7ACN.3H2O.RB9.171.mzML.1	Fecal-2-7ACN-3H2O.RB9_171.mzML	Male	1	1	0	1	1	1	0	1	1	1
Fecal.2.7ACN.3H2O.RB9.172.mzML.1	Fecal-2-7ACN-3H2O.RB9_172.mzML	Male	1	1	0	1	1	1	0	1	1	1
Fecal.2.7ACN.3H2O.RB9.173.mzML.1	Fecal-2-7ACN-3H2O.RB9_173.mzML	Male	1	1	0	1	1	1	0	1	1	1
Fecal.2.7MeOH.3H2O.RB4.104.mzML.1	Fecal-2-7MeOH-3H2O.RB4_104.mzML	Male	1	1	0	1	1	1	0	1	1	1
Fecal.2.7MeOH.3H2O.RB4.105.mzML.1	Fecal-2-7MeOH-3H2O.RB4_105.mzML	Male	1	1	0	1	1	1	0	1	1	1
Fecal.2.7MeOH.3H2O.RB4.106.mzML.1	Fecal-2-7MeOH-3H2O.RB4_106.mzML	Male	1	1	0	1	1	1	0	1	1	1
Fecal.2.8MeOH.2H2O.RB3.85.mzML.1	Fecal-2-8MeOH-2H2O.RB3.85.mzML	Male	1	1	0	0	1	1	0	1	1	1
Fecal.2.8MeOH.2H2O.RB3.86.mzML.1	Fecal-2-8MeOH-2H2O.RB3.86.mzML	Male	1	1	0	1	1	1	0	1	1	1
Fecal.2.8MeOH.2H2O.RB3.87.mzML.1	Fecal-2-8MeOH-2H2O.RB3.87.mzML	Male	1	1	0	1	1	1	0	1	1	1
Fecal.2.ACN.RB8.53.mzML.1	Fecal-2-ACN.RB8.53.mzML	Male	1	0	0	0	1	1	0	1	1	1
Fecal.2.ACN.RB8.54.mzML.1	Fecal-2-ACN.RB8.54.mzML	Male	1	0	0	0	0	1	0	1	0	1
Fecal.2.ACN.RB8.55.mzML.1	Fecal-2-ACN.RB8.55.mzML	Male	1	0	0	0	1	1	0	1	1	1
Fecal.2.MeOH.RB1.37.mzML.1	Fecal-2-MeOH.RB1.37.mzML	Male	1	1	0	1	1	1	0	1	1	1
Fecal.2.MeOH.RB1.38.mzML.1	Fecal-2-MeOH.RB1.38.mzML	Male	1	1	0	1	1	1	0	1	1	1
Fecal.2.MeOH.RB1.39.mzML.1	Fecal-2-MeOH.RB1.39.mzML	Male	1	1	0	1	1	1	0	1	1	1
M.144.mzML.1	M-144.mzML	Female	1	1	0	0	1	1	0	1	1	1
M.160.mzML.1	M-160.mzML	Female	1	1	0	0	1	1	0	1	1	1
M.176.mzML.1	M-176.mzML	Female	1	0	0	0	0	1	0	1	0	1
M.179.mzML.1	M-179.mzML	Female	1	0	0	0	0	1	0	1	0	1
M.192.mzML.1	M-192.mzML	Female	1	0	0	0	0	1	0	1	0	1
M.208.mzML.1	M-208.mzML	Female	1	1	0	1	1	1	1	1	1	1
M.211.mzML.1	M-211.mzML	Female	1	1	0	0	1	1	0	1	1	1
M.227.mzML.1	M-227.mzML	Female	1	1	0	0	1	1	0	1	1	1
M.240.mzML.1	M-240.mzML	Female	1	0	0	0	0	1	0	1	0	1
M.243.mzML.1	M-243.mzML	Female	1	0	0	1	0	1	0	1	1	1
M.307.mzML.1	M-307.mzML	Female	1	1	0	1	0	1	0	1	1	1
M.334.mzML.1	M-334.mzML	Female	1	1	0	0	0	1	0	1	0	1
M.355.mzML.1	M-355.mzML	Female	1	0	0	0	0	1	0	1	0	1
M.387.mzML.1	M-387.mzML	Female	1	1	0	0	0	1	0	1	0	1
M.435.mzML.1	M-435.mzML	Female	1	0	0	0	0	1	0	1	0	1
M.448.mzML.1	M-448.mzML	Female	1	1	0	0	0	1	1	1	0	1
M.451.mzML.1	M-451.mzML	Female	1	1	0	0	0	1	0	1	0	1
M.467.mzML.1	M-467.mzML	Female	1	1	0	0	0	1	0	1	0	1
M.483.mzML.1	M-483.mzML	Female	1	1	0	1	0	1	0	1	1	1
M.496.mzML.1	M-496.mzML	Female	1	1	0	0	0	1	1	1	0	1
M.499.mzML.1	M-499.mzML	Female	1	1	0	0	0	1	0	1	0	1
M.512.mzML.1	M-512.mzML	Female	1	0	0	0	0	1	0	1	0	1
M.547.mzML.1	M-547.mzML	Female	1	0	0	0	0	1	0	1	0	1
M.627.mzML.1	M-627.mzML	Female	1	0	0	0	0	1	0	1	0	1
M.643.mzML.1	M-643.mzML	Female	1	1	0	0	1	1	1	1	1	1
M.656.mzML.1	M-656.mzML	Female	1	0	1	0	0	1	1	1	0	1
M.675.mzML.1	M-675.mzML	Female	1	0	0	0	0	1	0	1	0	1
M.704.mzML.1	M-704.mzML	Female	1	0	0	0	0	1	0	1	0	1
M.864.mzML.1	M-864.mzML	Female	1	1	0	0	0	1	0	1	0	1
M.994.mzML.1	M-994.mzML	Female	1	0	0	0	0	1	0	1	0	1
mayo.1.10.mzML.1	mayo_1_10.mzML	Male	1	1	0	0	1	0	1	1	1	1
X11713.1.F.1A.mzML.1	11713_1.F_1A.mzML	Female	0	1	0	0	0	0	0	1	0	0
X11713.1.F.1C.mzML.1	11713_1.F_1C.mzML	Female	1	1	0	0	1	0	0	1	1	0
X11713.1.F.1E.mzML.1	11713_1.F_1E.mzML	Female	1	1	0	0	1	0	0	1	1	0
X11713.1.F.1F.mzML.1	11713_1.F_1F.mzML	Female	0	0	0	0	0	1	0	0	0	1
X11713.1.O.1G.mzML.1	11713_1.O_1G.mzML	Female	0	0	0	0	1	0	0	0	1	0
X11713.10.F.10A.mzML.1	11713_10.F_10A.mzML	Female	1	1	0	0	1	0	0	1	1	0
X11713.10.F.10B.mzML.1	11713_10.F_10B.mzML	Female	0	1	0	0	1	0	0	1	1	0
X11713.10.F.10C.mzML.1	11713_10.F_10C.mzML	Female	1	1	0	0	1	0	0	1	1	0
X11713.10.F.10D.mzML.1	11713_10.F_10D.mzML	Female	0	0	0	0	1	0	0	0	1	0
X11713.10.F.10E.mzML.1	11713_10.F_10E.mzML	Female	0	0	0	0	1	1	0	0	1	1
X11713.10.F.10G.mzML.1	11713_10.F_10G.mzML	Female	1	1	0	0	1	0	0	1	1	0
X11713.11.F.11A.mzML.1	11713_11.F_11A.mzML	Female	0	1	0	0	1	0	0	1	1	0
X11713.11.F.11B.mzML.1	11713_11.F_11B.mzML	Female	1	1	0	0	1	0	0	1	1	0
X11713.11.F.11C.mzML.1	11713_11.F_11C.mzML	Female	0	1	0	0	1	0	0	1	1	0
X11713.11.F.11F.mzML.1	11713_11.F_11F.mzML	Female	1	1	0	0	1	1	0	1	1	1
X11713.12.F.12C.mzML.1	11713_12.F_12C.mzML	Female	1	0	0	0	0	0	0	1	0	0
X11713.12.F.12D.mzML.1	11713_12.F_12D.mzML	Female	0	0	0	0	1	0	0	0	1	0
X11713.12.F.8.12A.mzML.1	11713_12.F.8_12A.mzML	Female	0	0	0	0	1	0	0	0	1	0
X11713.13.F.13A.mzML.1	11713_13.F_13A.mzML	Male	0	1	0	0	1	0	0	1	1	0
X11713.13.F.13B.mzML.1	11713_13.F_13B.mzML	Male	0	1	0	0	1	0	0	1	1	0
X11713.13.F.13E.mzML.1	11713_13.F_13E.mzML	Male	0	1	0	0	1	0	0	1	1	0
X11713.14.F.14A.mzML.1	11713_14.F_14A.mzML	Male	1	1	0	0	1	1	0	1	1	1
X11713.14.F.14B.mzML.1	11713_14.F_14B.mzML	Male	1	1	0	0	1	0	0	1	1	0
X11713.14.F.14C.mzML.1	11713_14.F_14C.mzML	Male	0	1	0	0	1	0	0	1	1	0
X11713.15.F.15D.mzML.1	11713_15.F_15D.mzML	Male	0	1	0	0	1	1	0	1	1	1
X11713.15.F.15F.mzML.1	11713_15.F_15F.mzML	Male	0	1	0	0	1	0	0	1	1	0
X11713.15.F.15H.mzML.1	11713_15.F_15H.mzML	Male	1	1	0	0	1	0	0	1	1	0
X11713.16.F.16A.mzML.1	11713_16.F_16A.mzML	Male	1	1	0	0	1	0	0	1	1	0
X11713.16.F.16B.mzML.1	11713_16.F_16B.mzML	Male	1	1	0	0	1	1	0	1	1	1
X11713.16.F.16C.mzML.1	11713_16.F_16C.mzML	Male	1	1	0	0	1	0	0	1	1	0
X11713.16.F.16D.mzML.1	11713_16.F_16D.mzML	Male	0	1	0	0	1	0	0	1	1	0
X11713.16.F.16E.mzML.1	11713_16.F_16E.mzML	Male	0	1	0	0	1	0	0	1	1	0
X11713.16.F.16F.mzML.1	11713_16.F_16F.mzML	Male	0	0	0	0	1	1	0	0	1	1
X11713.17.F.17B.mzML.1	11713_17.F_17B.mzML	Male	0	1	0	0	1	0	0	1	1	0
X11713.17.F.17C.mzML.1	11713_17.F_17C.mzML	Male	1	1	0	0	1	0	0	1	1	0
X11713.17.F.17E.mzML.1	11713_17.F_17E.mzML	Male	0	1	0	0	1	1	0	1	1	1
X11713.17.F.17F.mzML.1	11713_17.F_17F.mzML	Male	1	1	0	0	1	0	0	1	1	0
X11713.17.F.17G.mzML.1	11713_17.F_17G.mzML	Male	0	1	0	0	1	0	0	1	1	0
X11713.17.F.17H.mzML.1	11713_17.F_17H.mzML	Male	1	1	0	0	1	0	0	1	1	0
X11713.18.F.18A.mzML.1	11713_18.F_18A.mzML	Male	1	1	0	0	1	0	0	1	1	0
X11713.18.F.18B.mzML.1	11713_18.F_18B.mzML	Male	1	1	0	0	1	0	0	1	1	0
X11713.18.F.18C.mzML.1	11713_18.F_18C.mzML	Male	1	1	0	0	1	0	0	1	1	0
X11713.18.F.18D.mzML.1	11713_18.F_18D.mzML	Male	1	1	0	0	1	0	0	1	1	0
X11713.18.F.18F.mzML.1	11713_18.F_18F.mzML	Male	0	0	0	0	1	1	0	0	1	1
X11713.18.F.18G.mzML.1	11713_18.F_18G.mzML	Male	0	1	0	0	1	0	0	1	1	0
X11713.19.F.19B.WYD9.mzML.1	11713_19.F_19B.WYD9.mzML	Female	0	1	0	0	1	0	0	1	1	0
X11713.19.F.19C.mzML.1	11713_19.F_19C.mzML	Female	1	1	0	0	1	1	0	1	1	1
X11713.19.F.19D.mzML.1	11713_19.F_19D.mzML	Female	0	1	0	0	1	0	0	1	1	0
X11713.19.F.19E.mzML.1	11713_19.F_19E.mzML	Female	1	1	0	0	1	1	0	1	1	1
X11713.2.F.2A.mzML.1	11713.2.F.2A.mzML	Female	0	1	0	0	1	0	0	1	1	0
X11713.2.F.2B.mzML.1	11713.2.F.2B.mzML	Female	0	1	0	0	1	0	0	1	1	0
X11713.2.F.2C.mzML.1	11713.2.F.2C.mzML	Female	1	1	0	0	1	0	0	1	1	0
X11713.2.F.2D.mzML.1	11713.2.F.2D.mzML	Female	0	1	0	0	1	0	0	1	1	0
X11713.2.F.2F.mzML.1	11713.2.F.2F.mzML	Female	1	1	0	0	1	0	0	1	1	0
X11713.2.F.2G.mzML.1	11713.2.F.2G.mzML	Female	1	1	0	0	1	1	0	1	1	1
X11713.2.F.2I.mzML.1	11713.2.F.2I.mzML	Female	0	1	0	0	1	0	0	1	1	0
X11713.2.F.6.2E.mzML.1	11713.2.F.6.2E.mzML	Female	0	1	0	0	0	0	0	1	0	0
X11713.20.F.20A.mzML.1	11713.20.F.20A.mzML	Male	0	1	0	0	1	0	0	1	1	0
X11713.20.F.20C.mzML.1	11713.20.F.20C.mzML	Male	0	1	0	0	1	0	0	1	1	0
X11713.20.F.20D.mzML.1	11713.20.F.20D.mzML	Male	0	0	0	0	1	0	0	0	1	0
X11713.20.F.20E.mzML.1	11713.20.F.20E.mzML	Male	1	1	0	0	1	0	0	1	1	0
X11713.20.F20B.mzML.1	11713.20.F20B.mzML	Male	1	1	0	0	1	0	0	1	1	0
X11713.21.F.21A.mzML.1	11713.21.F.21A.mzML	Female	1	1	0	0	1	0	0	1	1	0
X11713.21.F.21B.mzML.1	11713.21.F.21B.mzML	Female	0	1	0	0	1	1	0	1	1	1
X11713.21.F.21C.WYE4.mzML.1	11713.21.F.21C.WYE4.mzML	Female	0	0	0	0	1	0	0	0	1	0
X11713.21.F.21D.mzML.1	11713.21.F.21D.mzML	Female	0	1	0	0	1	0	0	1	1	0
X11713.22.F.22A.mzML.1	11713.22.F.22A.mzML	Female	0	1	0	0	1	0	0	1	1	0
X11713.22.F.22C.mzML.1	11713.22.F.22C.mzML	Female	1	1	0	1	1	0	0	1	1	0
X11713.22.F.22D.mzML.1	11713.22.F.22D.mzML	Female	0	1	0	0	1	0	0	1	1	0
X11713.22.F.22E.mzML.1	11713.22.F.22E.mzML	Female	0	1	0	0	1	0	0	1	1	0
X11713.22.F.22F.mzML.1	11713.22.F.22F.mzML	Female	1	1	0	0	1	0	0	1	1	0
X11713.23.F.23A.mzML.1	11713.23.F.23A.mzML	Female	1	1	0	0	1	0	0	1	1	0
X11713.23.F.23B.mzML.1	11713.23.F.23B.mzML	Female	1	1	0	0	1	0	0	1	1	0
X11713.23.F.23C.mzML.1	11713.23.F.23C.mzML	Female	1	1	0	0	1	0	0	1	1	0
X11713.23.F.23D.mzML.1	11713.23.F.23D.mzML	Female	0	1	0	0	1	0	0	1	1	0
X11713.23.F.23E.mzML.1	11713.23.F.23E.mzML	Female	1	1	0	0	1	1	0	1	1	1
X11713.23.F.23F.mzML.1	11713.23.F.23F.mzML	Female	0	1	0	0	1	0	0	1	1	0
X11713.24.F.24A.mzML.1	11713.24.F.24A.mzML	Male	0	1	0	0	1	0	0	1	1	0
X11713.24.F.24B.mzML.1	11713.24.F.24B.mzML	Male	0	1	0	0	0	0	0	1	0	0
X11713.24.F.24D.mzML.1	11713.24.F.24D.mzML	Male	1	1	0	0	0	1	0	1	0	1
X11713.25.F.25A.mzML.1	11713.25.F.25A.mzML	Female	1	1	0	0	1	0	0	1	1	0
X11713.25.F.25B.mzML.1	11713.25.F.25B.mzML	Female	1	1	0	0	1	0	0	1	1	0
X11713.25.F.25C.mzML.1	11713.25.F.25C.mzML	Female	0	1	0	0	1	0	0	1	1	0
X11713.25.F.25D.mzML.1	11713.25.F.25D.mzML	Female	1	1	0	0	1	0	0	1	1	0
X11713.25.F.25E.mzML.1	11713.25.F.25E.mzML	Female	0	1	0	0	1	0	0	1	1	0
X11713.25.F.25G.mzML.1	11713.25.F.25G.mzML	Female	1	1	0	0	1	0	0	1	1	0
X11713.3.F.3A.mzML.1	11713.3.F.3A.mzML	Female	0	1	0	0	1	0	0	1	1	0
X11713.3.F.3B.mzML.1	11713.3.F.3B.mzML	Female	1	1	0	0	1	1	0	1	1	1
X11713.3.F.3C.mzML.1	11713.3.F.3C.mzML	Female	0	1	0	0	1	0	0	1	1	0
X11713.3.F.3E.mzML.1	11713.3.F.3E.mzML	Female	0	0	0	0	0	1	0	0	0	1
X11713.4.F.4B.mzML.1	11713.4.F.4B.mzML	Female	1	1	0	0	1	0	0	1	1	0
X11713.4.F.4C.mzML.1	11713.4.F.4C.mzML	Female	0	1	0	0	1	0	0	1	1	0
X11713.4.F.4D.mzML.1	11713.4.F.4D.mzML	Female	1	1	0	0	1	0	0	1	1	0
X11713.4.F.4E.mzML.1	11713.4.F.4E.mzML	Female	1	1	0	0	1	0	0	1	1	0
X11713.4.F.4F.mzML.1	11713.4.F.4F.mzML	Female	1	1	0	0	1	0	0	1	1	0
X11713.4.F.4G.mzML.1	11713.4.F.4G.mzML	Female	1	1	0	0	1	0	0	1	1	0
X11713.5.F.5A.mzML.1	11713.5.F.5A.mzML	Male	0	1	0	0	1	0	0	1	1	0
X11713.5.F.5B.mzML.1	11713.5.F.5B.mzML	Male	1	1	0	0	1	0	0	1	1	0
X11713.5.F.5C.mzML.1	11713.5.F.5C.mzML	Male	1	1	0	0	1	0	0	1	1	0
X11713.5.F.5D.mzML.1	11713.5.F.5D.mzML	Male	1	1	0	0	1	0	0	1	1	0
X11713.5.F.5E.mzML.1	11713.5.F.5E.mzML	Male	1	1	0	0	1	1	0	1	1	1
X11713.5.F.5F.mzML.1	11713.5.F.5F.mzML	Male	0	0	0	0	0	1	0	0	0	1
X11713.6.F.6A.WYH2.mzML.1	11713.6.F.6A.WYH2.mzML	Female	1	1	0	0	1	0	0	1	1	0
X11713.6.F.6C.mzML.1	11713.6.F.6C.mzML	Female	0	1	0	0	1	0	0	1	1	0
X11713.7.F.7A.mzML.1	11713.7.F.7A.mzML	Female	1	1	0	0	1	0	0	1	1	0
X11713.7.F.7B.mzML.1	11713.7.F.7B.mzML	Female	0	1	0	0	1	0	0	1	1	0
X11713.7.F.7C.mzML.1	11713.7.F.7C.mzML	Female	1	1	0	0	1	0	0	1	1	0
X11713.8.F.8A.mzML.1	11713.8.F.8A.mzML	Female	0	1	0	0	1	0	0	1	1	0
X11713.8.F.8B.mzML.1	11713.8.F.8B.mzML	Female	1	1	0	0	1	0	0	1	1	0
X11713.8.F.8C.mzML.1	11713.8.F.8C.mzML	Female	0	1	0	0	1	0	0	1	1	0
X11713.8.F.8D.mzML.1	11713.8.F.8D.mzML	Female	0	1	0	0	1	0	0	1	1	0
X11713.8.F.8E.mzML.1	11713.8.F.8E.mzML	Female	1	1	0	0	1	0	0	1	1	0
X11713.8.F.8F.mzML.1	11713.8.F.8F.mzML	Female	1	0	0	0	1	1	0	1	1	1
X11713.9.F.9A.mzML.1	11713.9.F.9A.mzML	Female	1	1	0	0	1	0	0	1	1	0
X11713.9.F.9B.mzML.1	11713.9.F.9B.mzML	Female	1	1	0	0	1	0	0	1	1	0
X11713.9.F.9D.mzML.1	11713.9.F.9D.mzML	Female	0	1	0	0	1	0	0	1	1	0
X11713.9.F.9E.mzML.1	11713.9.F.9E.mzML	Female	0	0	0	0	1	0	0	0	1	0
X11713.9.F.9F.mzML.1	11713.9.F.9F.mzML	Female	1	1	0	0	1	1	0	1	1	1
X11713.9.F.9G.mzML.1	11713.9.F.9G.mzML	Female	1	1	0	0	1	1	0	1	1	1
X15NAVY02.V1.20151121.mzML.1	15NAVY02.V1.20151121.mzML	Male	1	0	0	0	0	0	0	1	0	0
X15NAVY02.V1.20161122.mzML.1	15NAVY02.V1.20161122.mzML	Male	1	0	0	0	0	1	0	1	0	1
X15NAVY02.V2.20151212.mzML.1	15NAVY02.V2.20151212.mzML	Male	1	0	0	0	0	0	0	1	0	0
X15NAVY03.V1.20151123.mzML.1	15NAVY03.V1.20151123.mzML	Male	1	0	0	0	1	0	0	1	1	0
X15NAVY03.V2.20151211.mzML.1	15NAVY03.V2.20151211.mzML	Male	1	0	0	0	1	0	0	1	1	0
X15NAVY03.V2.20151212.mzML.1	15NAVY03.V2.20151212.mzML	Male	1	0	0	0	0	0	0	1	0	0
X16NAVY04.V1.20160128.mzML.1	16NAVY04.V1.20160128.mzML	Male	1	1	0	0	1	1	0	1	1	1
X16NAVY04.V1.20161130.mzML.1	16NAVY04.V1.20161130.mzML	Male	1	0	0	0	0	0	0	1	0	0
X16NAVY05.V1.14.20160207.mzML.1	16NAVY05.V1_14.20160207.mzML	Male	0	0	0	0	1	0	0	0	1	0
X16NAVY05.V2.20160228.40772.mzML.1	16NAVY05.V2.20160228.40772.mzML	Male	0	0	0	0	1	0	0	0	1	0
X16NAVY06.V2.20160227.mzML.1	16NAVY06.V2.20160227.mzML	Female	0	0	0	0	1	0	0	0	1	0
X16NAVY08.V2.20160314.mzML.1	16NAVY08.V2.20160314.mzML	Female	0	0	0	0	1	0	0	0	1	0
X16NAVY08.V2.20160513.mzML.1	16NAVY08.V2.20160513.mzML	Female	1	0	0	0	0	0	0	1	0	0
X16NAVY08.V2.20160514.mzML.1	16NAVY08.V2.20160514.mzML	Female	1	0	0	0	0	0	0	1	0	0
X16NAVY10.V2.20160712.mzML.1	16NAVY10.V2.20160712.mzML	Female	1	0	0	0	0	0	0	1	0	0
X16NAVY11.V1.20160621.mzML.1	16NAVY11.V1.20160621.mzML	Female	0	0	0	0	1	0	0	0	1	0
X16NAVY11.V1.20160623.mzML.1	16NAVY11.V1.20160623.mzML	Female	1	0	0	0	0	0	0	1	0	0
X16NAVY11.V2.20160712.mzML.1	16NAVY11.V2.20160712.mzML	Female	1	0	0	0	1	1	0	1	1	1
X16NAVY11.V2.20160713.mzML.1	16NAVY11.V2.20160713.mzML	Female	1	0	0	0	0	0	0	1	0	0
X16NAVY12.V1.20160723.mzML.1	16NAVY12.V1.20160723.mzML	Female	1	0	0	0	1	1	0	1	1	1
X16NAVY12.V2.20160813.mzML.1	16NAVY12.V2.20160813.mzML	Female	1	0	0	0	0	1	0	1	0	1
X16NAVY12.V2.20160814.mzML.1	16NAVY12.V2.20160814.mzML	Female	1	0	0	0	0	0	0	1	0	0
X16NAVY13.V1.20160917.180702233748.mzML.1	16NAVY13.V1.20160917_180702233748.mzML	Male	1	0	0	0	0	1	0	1	0	1
X16NAVY13.V2.20161008.mzML.1	16NAVY13.V2.20161008.mzML	Male	1	0	0	0	0	1	0	1	0	1
X16NAVY13.V2.20161009.180702134755.mzML.1	16NAVY13.V2.20161009_180702134755.mzML	Male	1	0	0	0	0	1	0	1	0	1
X16NAVY14.V1.20161027.mzML.1	16NAVY14.V1.20161027.mzML	Female	1	1	0	0	0	1	0	1	0	1
X16NAVY14.V1.20161028.mzML.1	16NAVY14.V1.20161028.mzML	Female	1	0	0	0	0	0	0	1	0	0
X16NAVY14.V2.20161118.mzML.1	16NAVY14.V2.20161118.mzML	Female	1	0	0	0	0	1	0	1	0	1
X16NAVY14.V2.20161119.mzML.1	16NAVY14.V2.20161119.mzML	Female	1	0	0	0	0	1	0	1	0	1
X16NAVY15.V1.20161112.mzML.1	16NAVY15.V1.20161112.mzML	Male	1	0	0	1	0	1	0	1	1	1
X16NAVY15.V1.20161113.mzML.1	16NAVY15.V1.20161113.mzML	Male	1	0	0	0	0	1	0	1	0	1
X16NAVY15.V2.20161202.mzML.1	16NAVY15.V2.20161202.mzML	Male	1	0	0	0	0	1	0	1	0	1
X16NAVY15.V2.20161203.mzML.1	16NAVY15.V2.20161203.mzML	Male	1	0	0	0	0	1	0	1	0	1
X16NAVY15.V2.20161205.mzML.1	16NAVY15.V2.20161205.mzML	Male	1	0	0	0	0	1	0	1	0	1
X17NAVY18.V1.20170210.mzML.1	17NAVY18.V1.20170210.mzML	Male	1	0	0	0	0	1	0	1	0	1
X17NAVY18.V1.20170212.mzML.1	17NAVY18.V1.20170212.mzML	Male	1	0	0	0	0	1	0	1	0	1
X17NAVY18.V1.20170213.mzML.1	17NAVY18.V1.20170213.mzML	Male	1	0	0	0	0	0	0	1	0	0
X17NAVY18.V2.20170303.mzML.1	17NAVY18.V2.20170303.mzML	Male	1	0	0	0	0	0	0	1	0	0
X17NAVY18.V2.20170305.mzML.1	17NAVY18.V2.20170305.mzML	Male	1	0	0	0	0	1	0	1	0	1
X17NAVY18.V2.20170306.mzML.1	17NAVY18.V2.20170306.mzML	Male	1	0	0	0	0	1	0	1	0	1
X17NAVY22.V1.20170703.mzML.1	17NAVY22.V1.20170703.mzML	Female	1	0	0	0	0	0	0	1	0	0
X17NAVY22.V1.20170730.mzML.1	17NAVY22.V1.20170730.mzML	Female	1	0	0	0	0	0	0	1	0	0
X17NAVY22.V2.20170818.mzML.1	17NAVY22.V2.20170818.mzML	Female	1	0	0	0	0	1	0	1	0	1
X17NAVY22.V2.20170820.mzML.1	17NAVY22.V2.20170820.mzML	Female	1	0	0	0	0	1	0	1	0	1
X17NAVY22.V2.20170821.mzML.1	17NAVY22.V2.20170821.mzML	Female	1	0	0	0	0	1	0	1	0	1
X17NAVY24.V1.20170908.mzML.1	17NAVY24.V1.20170908.mzML	Male	1	0	0	0	0	1	0	1	0	1
X17NAVY24.V1.20170910.mzML.1	17NAVY24.V1.20170910.mzML	Male	1	0	0	0	0	1	0	1	0	1
X17NAVY24.V1.20170911.mzML.1	17NAVY24.V1.20170911.mzML	Male	1	0	0	0	0	1	0	1	0	1
X17NAVY24.V2.20171001.mzML.1	17NAVY24.V2.20171001.mzML	Male	1	0	0	0	0	1	0	1	0	1
X17NAVY24.V2.20171002.mzML.1	17NAVY24.V2.20171002.mzML	Male	0	0	0	0	0	1	0	0	0	1
X18NAVY27.V1.20180121.mzML.1	18NAVY27.V1.20180121.mzML	Male	1	1	0	0	1	1	0	1	1	1
X18NAVY27.V1.20180122.mzML.1	18NAVY27.V1.20180122.mzML	Male	1	0	0	0	0	1	0	1	0	1
X18NAVY27.V2.20180209.mzML.1	18NAVY27.V2.20180209.mzML	Male	1	1	0	0	0	1	1	1	0	1
X18NAVY28.V1.20180323.mzML.1	18NAVY28.V1.20180323.mzML	Female	1	0	0	0	0	1	0	1	0	1
X18NAVY28.V1.20180325.mzML.1	18NAVY28.V1.20180325.mzML	Female	1	0	0	0	0	1	1	1	0	1
X18NAVY28.V1.20180326.mzML.1	18NAVY28.V1.20180326.mzML	Female	1	0	0	0	0	1	1	1	0	1
X18NAVY28.V2.20180413.mzML.1	18NAVY28.V2.20180413.mzML	Female	1	0	0	0	0	1	0	1	0	1
X18NAVY28.V2.20180415.mzML.1	18NAVY28.V2.20180415.mzML	Female	1	0	0	0	0	1	0	1	0	1
X18NAVY28.V2.20180416.mzML.1	18NAVY28.V2.20180416.mzML	Female	1	0	0	0	0	1	0	1	0	1
X18NAVY30.V1.20180125.mzML.1	18NAVY30.V1.20180125.mzML	Male	1	0	0	0	0	0	0	1	0	0
X18NAVY30.V1.20180128.mzML.1	18NAVY30.V1.20180128.mzML	Male	1	0	0	0	0	0	0	1	0	0
X18NAVY30.V2.20180218.mzML.1	18NAVY30.V2.20180218.mzML	Male	1	1	0	0	1	1	0	1	1	1
X18NAVY30.V2.20180219.mzML.1	18NAVY30.V2.20180219.mzML	Male	1	0	0	0	0	0	0	1	0	0
X18NAVY32.V1.20180323.mzML.1	18NAVY32.V1.20180323.mzML	Male	1	0	0	0	0	1	0	1	0	1
X18NAVY32.V2.20180413.mzML.1	18NAVY32.V2.20180413.mzML	Male	1	0	0	0	0	1	0	1	0	1
X18NAVY32.V2.20180415.mzML.1	18NAVY32.V2.20180415.mzML	Male	1	0	0	0	0	0	0	1	0	0
X18NAVY32.V2.20180416.mzML.1	18NAVY32.V2.20180416.mzML	Male	1	0	0	0	0	1	0	1	0	1
X38692.mzXML.1	38692.mzXML	Female	1	0	0	0	1	1	0	1	1	1
X38693.mzXML.1	38693.mzXML	Male	1	1	1	0	1	1	1	1	1	1
X38694.mzXML.1	38694.mzXML	Female	1	1	0	1	0	1	1	1	1	1
X38695.mzXML.1	38695.mzXML	Female	1	1	1	1	1	1	0	1	1	1
X38696.mzXML.1	38696.mzXML	Female	1	0	0	0	0	1	0	1	0	1
X38697.mzXML.1	38697.mzXML	Male	1	1	1	1	1	1	1	1	1	1
X38698.mzXML.1	38698.mzXML	Male	1	1	1	1	1	1	1	1	1	1
X38699.mzXML.1	38699.mzXML	Female	1	1	0	0	0	1	0	1	0	1
X38700.mzXML.1	38700.mzXML	Female	1	1	0	1	0	1	0	1	1	1
X38701.mzXML.1	38701.mzXML	Female	1	1	1	1	0	1	0	1	1	1
X38702.mzXML.1	38702.mzXML	Female	1	1	0	1	0	1	0	1	1	1
X38703.mzXML.1	38703.mzXML	Female	1	1	0	1	1	1	0	1	1	1
X38704.mzXML.1	38704.mzXML	Female	1	1	0	0	0	1	0	1	0	1
X38705.mzXML.1	38705.mzXML	Female	1	1	1	1	1	1	1	1	1	1
X38706.mzXML.1	38706.mzXML	Female	1	1	1	1	1	1	1	1	1	1
X38707.mzXML.1	38707.mzXML	Female	1	1	0	0	0	1	0	1	0	1
X38708.mzXML.1	38708.mzXML	Female	1	1	1	1	0	1	1	1	1	1
X38709.mzXML.1	38709.mzXML	Female	1	0	0	0	0	1	0	1	0	1
X38710.mzXML.1	38710.mzXML	Female	1	1	0	0	0	1	0	1	0	1
X38711.mzXML.1	38711.mzXML	Male	1	1	0	0	1	1	0	1	1	1
X38712.mzXML.1	38712.mzXML	Female	1	0	0	0	0	1	0	1	0	1
X38713.mzXML.1	38713.mzXML	Male	1	1	1	1	1	1	0	1	1	1
X38714.mzXML.1	38714.mzXML	Male	1	1	1	1	1	1	1	1	1	1
X38715.mzXML.1	38715.mzXML	Female	1	1	0	1	0	1	0	1	1	1
X38716.mzXML.1	38716.mzXML	Male	1	1	1	1	1	1	0	1	1	1
X38717.mzXML.1	38717.mzXML	Female	1	1	1	1	1	1	1	1	1	1
X38718.mzXML.1	38718.mzXML	Female	1	1	0	1	1	1	0	1	1	1
X38719.mzXML.1	38719.mzXML	Male	1	0	0	1	1	1	0	1	1	1
X38720.mzXML.1	38720.mzXML	Female	1	1	0	1	0	1	1	1	1	1
X38721.mzXML.1	38721.mzXML	Male	1	0	0	1	0	0	0	1	1	0
X38722.mzXML.1	38722.mzXML	Female	1	1	0	0	0	1	0	1	0	1
X38723.mzXML.1	38723.mzXML	Male	1	1	0	1	1	1	0	1	1	1
X38724.mzXML.1	38724.mzXML	Female	1	0	0	0	0	1	0	1	0	1
X38725.mzXML.1	38725.mzXML	Female	1	1	1	1	0	1	0	1	1	1
X38726.mzXML.1	38726.mzXML	Female	1	0	0	0	0	1	0	1	0	1
X38727.mzXML.1	38727.mzXML	Male	1	1	0	0	1	0	0	1	1	0
X38728.mzXML.1	38728.mzXML	Female	1	1	0	1	0	1	1	1	1	1
X38729.mzXML.1	38729.mzXML	Female	1	1	1	1	1	1	1	1	1	1
X38730.mzXML.1	38730.mzXML	Male	1	1	0	1	1	1	1	1	1	1
X38731.mzXML.1	38731.mzXML	Female	1	1	0	0	0	1	0	1	0	1
X38732.mzXML.1	38732.mzXML	Female	1	1	0	0	1	1	1	1	1	1
X38733.mzXML.1	38733.mzXML	Female	1	1	0	0	0	1	0	1	0	1
X38734.mzXML.1	38734.mzXML	Female	1	0	0	0	0	1	0	1	0	1
X38735.mzXML.1	38735.mzXML	Female	1	1	1	1	1	1	0	1	1	1
X38736.mzXML.1	38736.mzXML	Female	1	0	0	0	0	1	0	1	0	1
X38739.mzXML.1	38739.mzXML	Female	1	1	0	1	0	1	0	1	1	1
X38740.mzXML.1	38740.mzXML	Female	1	1	0	0	0	1	0	1	0	1
X38741.mzXML.1	38741.mzXML	Female	1	1	0	1	1	1	0	1	1	1
X38743.mzXML.1	38743.mzXML	Female	1	1	1	0	0	1	0	1	0	1
X38744.mzXML.1	38744.mzXML	Female	1	1	0	0	0	1	1	1	0	1
X38745.mzXML.1	38745.mzXML	Male	1	1	0	0	1	1	0	1	1	1
X38747.mzXML.1	38747.mzXML	Female	1	1	1	1	1	1	1	1	1	1
X38748.mzXML.1	38748.mzXML	Male	1	1	1	1	1	1	1	1	1	1
X38749.mzXML.1	38749.mzXML	Female	1	1	0	0	1	1	1	1	1	1
X38751.mzXML.1	38751.mzXML	Female	1	1	0	0	0	0	0	1	0	0
X38752.mzXML.1	38752.mzXML	Female	1	1	1	1	1	1	0	1	1	1
X38753.mzXML.1	38753.mzXML	Female	1	0	0	0	0	1	0	1	0	1
X38754.mzXML.1	38754.mzXML	Male	1	1	1	1	1	1	0	1	1	1
X38755.mzXML.1	38755.mzXML	Male	1	1	1	1	0	1	1	1	1	1
X38756.mzXML.1	38756.mzXML	Male	1	1	0	0	1	1	0	1	1	1
X38758.mzXML.1	38758.mzXML	Male	1	0	0	0	0	1	0	1	0	1
X38759.38845.mzXML.1	38759.38845.mzXML	Female	1	1	0	1	1	1	0	1	1	1
X38760.mzXML.1	38760.mzXML	Female	1	1	0	0	1	0	0	1	1	0
X38761.mzXML.1	38761.mzXML	Female	1	1	0	0	0	1	0	1	0	1
X38762.mzXML.1	38762.mzXML	Female	1	1	0	1	1	1	1	1	1	1
X38763.mzXML.1	38763.mzXML	Female	1	0	0	0	0	1	0	1	0	1
X38764.mzXML.1	38764.mzXML	Female	1	1	0	0	1	1	0	1	1	1
X38765.mzXML.1	38765.mzXML	Female	1	1	0	1	0	1	0	1	1	1
X38766.mzXML.1	38766.mzXML	Male	1	1	0	0	1	0	0	1	1	0
X38767.mzXML.1	38767.mzXML	Female	1	1	0	0	0	1	0	1	0	1
X38768.mzXML.1	38768.mzXML	Female	1	0	0	0	0	1	0	1	0	1
X38769.mzXML.1	38769.mzXML	Female	1	0	0	0	1	1	0	1	1	1
X38770.mzXML.1	38770.mzXML	Female	1	1	0	0	0	1	0	1	0	1
X38771.mzXML.1	38771.mzXML	Female	1	1	0	0	0	1	1	1	0	1
X38772.mzXML.1	38772.mzXML	Female	1	0	1	0	1	1	0	1	1	1
X38773.mzXML.1	38773.mzXML	Female	1	1	0	0	0	1	0	1	0	1
X38774.mzXML.1	38774.mzXML	Male	1	1	1	1	1	0	1	1	1	1
X38775.mzXML.1	38775.mzXML	Male	1	1	1	1	1	1	0	1	1	1
X38776.mzXML.1	38776.mzXML	Female	1	0	1	0	1	1	0	1	1	1
X38777.mzXML.1	38777.mzXML	Female	1	1	0	1	0	1	1	1	1	1
X38778.mzXML.1	38778.mzXML	Female	1	1	0	0	0	1	1	1	0	1
X38779.mzXML.1	38779.mzXML	Female	1	1	0	0	1	1	0	1	1	1
X38780.mzXML.1	38780.mzXML	Female	1	1	1	1	1	1	1	1	1	1
X38781.mzXML.1	38781.mzXML	Female	1	1	0	1	0	1	0	1	1	1
X38782.mzXML.1	38782.mzXML	Female	1	1	0	1	1	1	1	1	1	1
X38783.mzXML.1	38783.mzXML	Male	1	1	0	0	0	1	0	1	0	1
X38784.mzXML.1	38784.mzXML	Male	1	1	0	0	0	0	0	1	0	0
X38785.mzXML.1	38785.mzXML	Female	1	0	0	0	0	1	0	1	0	1
X38786.mzXML.1	38786.mzXML	Female	1	1	0	0	1	1	0	1	1	1
X38787.mzXML.1	38787.mzXML	Male	1	1	0	0	1	1	0	1	1	1
X38788.mzXML.1	38788.mzXML	Male	1	1	0	0	1	1	1	1	1	1
X38790.mzXML.1	38790.mzXML	Male	1	1	0	0	1	0	0	1	1	0
X38792.mzXML.1	38792.mzXML	Female	1	1	1	1	0	1	0	1	1	1
X38793.mzXML.1	38793.mzXML	Female	1	1	0	0	1	1	0	1	1	1
X38795.mzXML.1	38795.mzXML	Female	1	0	0	0	0	1	0	1	0	1
X38797.mzXML.1	38797.mzXML	Female	1	0	0	0	0	1	0	1	0	1
X38798.mzXML.1	38798.mzXML	Female	1	0	0	0	0	1	0	1	0	1
X38799.mzXML.1	38799.mzXML	Female	0	1	0	0	0	1	0	1	0	1
X38800.mzXML.1	38800.mzXML	Female	1	1	1	0	1	1	1	1	1	1
X38801.mzXML.1	38801.mzXML	Male	1	1	1	1	0	0	0	1	1	0
X38802.mzXML.1	38802.mzXML	Male	1	1	1	0	0	1	0	1	0	1
X38803.mzXML.1	38803.mzXML	Male	1	0	0	1	0	1	0	1	1	1
X38804.mzXML.1	38804.mzXML	Female	1	1	1	1	1	1	0	1	1	1
X38806.mzXML.1	38806.mzXML	Female	1	1	0	0	0	1	1	1	0	1
X38807.mzXML.1	38807.mzXML	Female	1	1	0	0	0	1	0	1	0	1
X38810.mzXML.1	38810.mzXML	Female	1	1	0	0	0	1	0	1	0	1
X38811.mzXML.1	38811.mzXML	Female	1	1	0	1	1	0	0	1	1	0
X38812.mzXML.1	38812.mzXML	Male	1	0	0	0	0	1	0	1	0	1
X38813.mzXML.1	38813.mzXML	Female	1	1	0	0	1	1	0	1	1	1
X38814.mzXML.1	38814.mzXML	Male	1	1	0	0	1	0	0	1	1	0
X38815.mzXML.1	38815.mzXML	Female	1	1	0	1	0	1	0	1	1	1
X38816.mzXML.1	38816.mzXML	Female	1	1	0	0	1	1	1	1	1	1
X38817.mzXML.1	38817.mzXML	Female	1	1	0	1	1	1	1	1	1	1
X38818.mzXML.1	38818.mzXML	Female	1	1	0	0	0	1	0	1	0	1
X38819.mzXML.1	38819.mzXML	Female	1	1	0	0	1	1	0	1	1	1
X38820.mzXML.1	38820.mzXML	Female	1	1	0	1	0	1	0	1	1	1
X38822.mzXML.1	38822.mzXML	Male	1	1	0	1	1	1	1	1	1	1
X38823.mzXML.1	38823.mzXML	Female	1	1	0	0	0	1	0	1	0	1
X38824.mzXML.1	38824.mzXML	Female	1	1	0	0	0	1	1	1	0	1
X38825.mzXML.1	38825.mzXML	Male	1	0	0	0	0	1	0	1	0	1
X38826.mzXML.1	38826.mzXML	Male	1	1	0	1	0	1	0	1	1	1
X38827.mzXML.1	38827.mzXML	Male	1	1	0	1	1	1	1	1	1	1
X38828.mzXML.1	38828.mzXML	Female	1	1	0	0	0	1	0	1	0	1
X38829.mzXML.1	38829.mzXML	Male	1	1	1	1	1	1	1	1	1	1
X38830.mzXML.1	38830.mzXML	Female	1	1	0	0	0	1	0	1	0	1
X38831.mzXML.1	38831.mzXML	Female	1	1	0	0	0	1	0	1	0	1
X38832.mzXML.1	38832.mzXML	Male	1	1	1	1	1	1	0	1	1	1
X38833.mzXML.1	38833.mzXML	Female	1	0	0	0	0	0	1	1	0	1
X38835.mzXML.1	38835.mzXML	Female	1	1	0	1	1	0	0	1	1	0
X38836.mzXML.1	38836.mzXML	Female	1	0	0	1	0	0	0	1	1	0
X38837.mzXML.1	38837.mzXML	Male	1	1	0	1	0	1	0	1	1	1
X38838.mzXML.1	38838.mzXML	Female	1	0	0	0	0	1	0	1	0	1
X38839.mzXML.1	38839.mzXML	Female	1	1	0	0	0	1	1	1	0	1
X38841.mzXML.1	38841.mzXML	Female	1	1	0	0	0	1	0	1	0	1
X38842.mzXML.1	38842.mzXML	Female	1	1	0	0	1	0	0	1	1	0
X38843.mzXML.1	38843.mzXML	Female	1	1	0	0	1	1	0	1	1	1
X38844.mzXML.1	38844.mzXML	Male	1	1	0	1	0	0	1	1	1	1
X38846.mzXML.1	38846.mzXML	Female	1	1	0	0	0	1	0	1	0	1
X38847.mzXML.1	38847.mzXML	Male	1	0	0	0	0	0	0	1	0	0
X38848.mzXML.1	38848.mzXML	Male	1	1	0	1	0	1	0	1	1	1
X38849.mzXML.1	38849.mzXML	Female	1	1	1	0	1	1	1	1	1	1
X38852.mzXML.1	38852.mzXML	Female	1	1	0	0	1	0	0	1	1	0
X38853.mzXML.1	38853.mzXML	Male	1	1	0	1	0	1	0	1	1	1
X38855.mzXML.1	38855.mzXML	Male	1	1	0	0	0	1	1	1	0	1
X38857.mzXML.1	38857.mzXML	Female	1	1	1	1	0	1	0	1	1	1
X38858.mzXML.1	38858.mzXML	Female	1	1	0	0	0	1	1	1	0	1
X38859.mzXML.1	38859.mzXML	Female	1	0	0	0	0	1	0	1	0	1
X38861.mzXML.1	38861.mzXML	Male	1	0	1	1	0	1	0	1	1	1
X38862.mzXML.1	38862.mzXML	Female	1	1	0	0	0	1	0	1	0	1
X38863.mzXML.1	38863.mzXML	Female	1	0	0	0	0	1	0	1	0	1
X38864.mzXML.1	38864.mzXML	Female	1	1	0	0	1	0	0	1	1	0
X38865.mzXML.1	38865.mzXML	Male	1	1	0	0	1	0	0	1	1	0
X38866.mzXML.1	38866.mzXML	Male	1	1	0	0	0	1	0	1	0	1
X38867.mzXML.1	38867.mzXML	Female	1	1	0	0	0	1	0	1	0	1
X38869.mzXML.1	38869.mzXML	Male	1	1	0	0	1	1	0	1	1	1
X38871.mzXML.1	38871.mzXML	Female	1	1	0	1	1	1	1	1	1	1
X38872.mzXML.1	38872.mzXML	Female	0	1	0	0	0	0	0	1	0	0
X38873.mzXML.1	38873.mzXML	Female	1	1	0	0	0	1	0	1	0	1
X38874.mzXML.1	38874.mzXML	Male	1	1	0	0	0	0	0	1	0	0
X38875.mzXML.1	38875.mzXML	Male	1	1	0	1	1	1	0	1	1	1
X38876.mzXML.1	38876.mzXML	Female	1	0	0	0	0	1	0	1	0	1
X38877.mzXML.1	38877.mzXML	Female	1	1	0	1	1	1	0	1	1	1
X38879.mzXML.1	38879.mzXML	Female	1	1	0	0	0	1	0	1	0	1
X38880.mzXML.1	38880.mzXML	Female	1	1	0	0	0	1	0	1	0	1
X38881.mzXML.1	38881.mzXML	Female	1	1	0	0	0	1	0	1	0	1
X38882.mzXML.1	38882.mzXML	Female	1	1	0	0	0	1	0	1	0	1
X38884.mzXML.1	38884.mzXML	Female	1	1	0	0	0	1	0	1	0	1
X38885.mzXML.1	38885.mzXML	Male	1	1	1	1	1	0	1	1	1	1
X38886.mzXML.1	38886.mzXML	Female	1	1	0	0	0	1	0	1	0	1
X38888.mzXML.1	38888.mzXML	Female	1	0	0	0	0	1	0	1	0	1
X38889.mzXML.1	38889.mzXML	Female	1	0	0	0	0	1	0	1	0	1
X38892.mzXML.1	38892.mzXML	Female	1	1	0	0	0	1	0	1	0	1
X38893.mzXML.1	38893.mzXML	Male	1	1	1	1	0	1	1	1	1	1
X38894.mzXML.1	38894.mzXML	Male	1	0	1	0	0	1	0	1	0	1
X38895.mzXML.1	38895.mzXML	Female	1	1	1	1	0	1	1	1	1	1
X38896.mzXML.1	38896.mzXML	Male	1	1	1	1	1	1	1	1	1	1
X38897.mzXML.1	38897.mzXML	Female	1	1	1	0	0	1	0	1	0	1
X38898.mzXML.1	38898.mzXML	Female	1	1	1	0	1	1	0	1	1	1
X38899.mzXML.1	38899.mzXML	Female	1	1	1	0	1	1	0	1	1	1
X38900.mzXML.1	38900.mzXML	Female	1	1	0	0	0	1	0	1	0	1
X38901.mzXML.1	38901.mzXML	Male	1	1	1	1	1	1	0	1	1	1
X38902.mzXML.1	38902.mzXML	Male	1	1	0	1	1	0	0	1	1	0
X38903.mzXML.1	38903.mzXML	Male	1	1	1	1	1	1	0	1	1	1
X38904.mzXML.1	38904.mzXML	Female	1	1	1	1	0	1	0	1	1	1
X38905.mzXML.1	38905.mzXML	Female	0	1	0	0	0	1	0	1	0	1
X38906.mzXML.1	38906.mzXML	Male	1	1	1	1	1	1	1	1	1	1
X38907.mzXML.1	38907.mzXML	Female	1	1	0	0	0	1	0	1	0	1
X38908.mzXML.1	38908.mzXML	Female	1	1	0	1	0	1	0	1	1	1
X38909.mzXML.1	38909.mzXML	Male	1	1	0	1	0	1	0	1	1	1
X38912.mzXML.1	38912.mzXML	Female	1	1	0	0	0	1	0	1	0	1
X38913.mzXML.1	38913.mzXML	Male	1	1	0	1	0	1	1	1	1	1
X38914.mzXML.1	38914.mzXML	Female	1	1	0	0	1	1	1	1	1	1
X38915.mzXML.1	38915.mzXML	Male	1	1	1	1	1	1	1	1	1	1
X38925.mzXML.1	38925.mzXML	Female	1	1	0	0	1	1	1	1	1	1
X38926.mzXML.1	38926.mzXML	Female	1	1	0	0	0	1	0	1	0	1
X38928.mzXML.1	38928.mzXML	Female	1	1	0	0	0	1	0	1	0	1
X38929.mzXML.1	38929.mzXML	Female	0	1	0	0	0	0	0	1	0	0
X38932.mzXML.1	38932.mzXML	Female	1	1	0	0	0	1	0	1	0	1
X38933.mzXML.1	38933.mzXML	Female	1	1	0	0	0	1	0	1	0	1
X38936.mzXML.1	38936.mzXML	Female	1	1	0	0	0	1	0	1	0	1
X38938.mzXML.1	38938.mzXML	Female	1	1	0	0	0	1	0	1	0	1
X38940.mzXML.1	38940.mzXML	Female	1	1	0	0	0	1	0	1	0	1
X38943.mzXML.1	38943.mzXML	Female	1	1	0	0	1	1	0	1	1	1
X38944.mzXML.1	38944.mzXML	Male	1	1	0	1	0	1	0	1	1	1
X38945.mzXML.1	38945.mzXML	Male	1	1	1	1	1	1	0	1	1	1
X38946.mzXML.1	38946.mzXML	Male	1	1	1	1	0	1	0	1	1	1
X38947.mzXML.1	38947.mzXML	Male	1	1	0	1	0	1	0	1	1	1
X38948.mzXML.1	38948.mzXML	Male	1	1	1	1	1	0	0	1	1	0
X38949.mzXML.1	38949.mzXML	Male	1	1	0	0	1	1	0	1	1	1
X38950.mzXML.1	38950.mzXML	Female	1	1	1	0	1	1	0	1	1	1
X38952.mzXML.1	38952.mzXML	Female	1	1	0	1	1	1	0	1	1	1
X38953.mzXML.1	38953.mzXML	Male	1	1	1	1	0	1	1	1	1	1
X38954.mzXML.1	38954.mzXML	Male	1	1	1	1	1	1	1	1	1	1
X38955.mzXML.1	38955.mzXML	Female	1	1	0	0	1	1	0	1	1	1
X38957.mzXML.1	38957.mzXML	Male	1	1	1	1	0	1	1	1	1	1
X38959.mzXML.1	38959.mzXML	Male	1	1	1	1	1	1	1	1	1	1
X38961.mzXML.1	38961.mzXML	Male	1	1	1	0	0	1	0	1	0	1
X38962.mzXML.1	38962.mzXML	Female	1	1	1	0	1	1	0	1	1	1
X38963.mzXML.1	38963.mzXML	Female	1	1	0	0	0	1	0	1	0	1
X38965.mzXML.1	38965.mzXML	Female	1	1	0	0	0	1	0	1	0	1
X38966.mzXML.1	38966.mzXML	Female	1	1	0	1	0	1	1	1	1	1
X38967.mzXML.1	38967.mzXML	Female	1	1	0	0	1	1	0	1	1	1
X38969.mzXML.1	38969.mzXML	Female	1	1	0	0	1	1	1	1	1	1
X38971.mzXML.1	38971.mzXML	Female	1	1	0	0	0	1	0	1	0	1
X38972.mzXML.1	38972.mzXML	Female	1	1	0	0	0	1	0	1	0	1
X38973.mzXML.1	38973.mzXML	Female	1	1	0	0	1	1	0	1	1	1
X38974.mzXML.1	38974.mzXML	Female	1	0	0	1	0	1	0	1	1	1
X38976.mzXML.1	38976.mzXML	Female	1	1	1	1	1	1	1	1	1	1
X38977.mzXML.1	38977.mzXML	Female	1	1	0	1	1	1	1	1	1	1
X38980.mzXML.1	38980.mzXML	Female	1	1	0	0	0	1	0	1	0	1
X38981.mzXML.1	38981.mzXML	Female	1	1	0	0	0	1	0	1	0	1
X38982.mzXML.1	38982.mzXML	Female	1	1	0	0	0	1	0	1	0	1
X38983.mzXML.1	38983.mzXML	Female	1	1	0	0	1	1	0	1	1	1
X38986.mzXML.1	38986.mzXML	Female	1	1	1	1	0	1	0	1	1	1
X38989.mzXML.1	38989.mzXML	Male	1	1	1	1	1	1	1	1	1	1
X38990.mzXML.1	38990.mzXML	Female	1	1	0	1	0	1	1	1	1	1
X38991.mzXML.1	38991.mzXML	Male	1	1	1	1	1	1	1	1	1	1
X38992.mzXML.1	38992.mzXML	Male	1	1	1	0	1	1	0	1	1	1
X38993.mzXML.1	38993.mzXML	Male	1	1	0	0	1	1	0	1	1	1
X38994.mzXML.1	38994.mzXML	Female	1	1	1	1	0	1	0	1	1	1
X38995.mzXML.1	38995.mzXML	Female	1	1	1	1	1	1	1	1	1	1
X38996.mzXML.1	38996.mzXML	Male	1	1	0	0	0	0	0	1	0	0
X38997.mzXML.1	38997.mzXML	Male	1	1	0	1	1	1	0	1	1	1
X38998.mzXML.1	38998.mzXML	Male	1	1	0	0	1	1	1	1	1	1
X39014.mzXML.1	39014.mzXML	Female	1	1	1	0	0	0	1	1	0	1
X39015.mzXML.1	39015.mzXML	Female	1	1	1	0	0	1	0	1	0	1
X39022.mzXML.1	39022.mzXML	Female	1	1	1	1	0	1	0	1	1	1
X39023.mzXML.1	39023.mzXML	Female	1	1	1	1	0	1	1	1	1	1
X39024.mzXML.1	39024.mzXML	Female	1	1	0	1	1	1	0	1	1	1
X39025.mzXML.1	39025.mzXML	Male	1	1	1	1	1	1	1	1	1	1
X39027.mzXML.1	39027.mzXML	Male	1	1	1	0	0	1	0	1	0	1
X39028.mzXML.1	39028.mzXML	Female	1	1	1	0	0	1	0	1	0	1
X39029.mzXML.1	39029.mzXML	Female	1	1	1	0	1	1	0	1	1	1
X39030.mzXML.1	39030.mzXML	Female	1	1	1	1	0	1	1	1	1	1
X39038.mzXML.1	39038.mzXML	Female	1	1	0	0	0	1	0	1	0	1
X39042.mzXML.1	39042.mzXML	Female	1	1	0	0	0	1	0	1	0	1
X39047.mzXML.1	39047.mzXML	Female	1	1	1	1	1	1	0	1	1	1
X39048.mzXML.1	39048.mzXML	Male	1	1	1	1	1	1	1	1	1	1
X39049.mzXML.1	39049.mzXML	Female	1	1	0	1	0	1	0	1	1	1
X39050.mzXML.1	39050.mzXML	Male	1	1	0	0	1	1	0	1	1	1
X39051.mzXML.1	39051.mzXML	Male	1	1	0	1	0	0	0	1	1	0
X39057.mzXML.1	39057.mzXML	Female	1	1	0	0	0	1	0	1	0	1
X39086.mzXML.1	39086.mzXML	Male	1	1	1	1	1	1	0	1	1	1
X39090.mzXML.1	39090.mzXML	Male	1	1	0	0	1	0	0	1	1	0
X39092.mzXML.1	39092.mzXML	Female	1	1	0	1	0	1	1	1	1	1
X39095.mzXML.1	39095.mzXML	Female	1	1	0	1	0	0	0	1	1	0
X39105.mzXML.1	39105.mzXML	Male	1	1	0	1	1	1	0	1	1	1
X39106.mzXML.1	39106.mzXML	Female	1	1	1	1	1	1	0	1	1	1
X39108.mzXML.1	39108.mzXML	Male	1	1	0	0	1	1	1	1	1	1
X39109.mzXML.1	39109.mzXML	Male	1	1	1	1	0	1	0	1	1	1
X39110.mzXML.1	39110.mzXML	Male	1	1	1	1	1	1	0	1	1	1
X39111.mzXML.1	39111.mzXML	Male	1	1	0	1	1	1	0	1	1	1
X39112.mzXML.1	39112.mzXML	Male	1	1	1	1	1	1	1	1	1	1
X39113.mzXML.1	39113.mzXML	Male	1	1	0	0	1	1	0	1	1	1
X39114.mzXML.1	39114.mzXML	Female	1	1	0	0	0	1	0	1	0	1
X39115.mzXML.1	39115.mzXML	Female	1	1	1	0	1	1	0	1	1	1
X39116.mzXML.1	39116.mzXML	Female	1	1	0	0	1	1	0	1	1	1
X39117.mzXML.1	39117.mzXML	Female	1	1	1	0	0	0	1	1	0	1
X39118.mzXML.1	39118.mzXML	Female	1	1	0	0	0	1	0	1	0	1
X39119.mzXML.1	39119.mzXML	Female	1	1	0	0	0	1	1	1	0	1
X39120.mzXML.1	39120.mzXML	Male	1	1	1	1	1	1	0	1	1	1
X39121.mzXML.1	39121.mzXML	Female	1	1	1	1	1	0	0	1	1	0
X39122.mzXML.1	39122.mzXML	Female	1	1	0	0	0	0	0	1	0	0
X39123.mzXML.1	39123.mzXML	Female	1	1	0	0	0	1	0	1	0	1
X39125.mzXML.1	39125.mzXML	Female	1	1	1	1	1	0	0	1	1	0
X39126.mzXML.1	39126.mzXML	Female	1	1	0	1	0	1	1	1	1	1
X39127.mzXML.1	39127.mzXML	Male	1	0	0	0	0	1	0	1	0	1
X39128.mzXML.1	39128.mzXML	Male	1	0	0	1	0	1	0	1	1	1
X39130.mzXML.1	39130.mzXML	Female	1	1	1	1	0	1	1	1	1	1
X39131.mzXML.1	39131.mzXML	Female	1	0	0	0	1	1	0	1	1	1
X39132.mzXML.1	39132.mzXML	Male	1	1	1	1	0	1	1	1	1	1
X39133.mzXML.1	39133.mzXML	Female	1	1	0	1	0	1	1	1	1	1
X39134.mzXML.1	39134.mzXML	Female	1	1	0	0	1	1	0	1	1	1
X39135.mzXML.1	39135.mzXML	Female	1	1	1	0	1	1	0	1	1	1
X39136.mzXML.1	39136.mzXML	Male	1	1	1	1	1	1	0	1	1	1
X39137.mzXML.1	39137.mzXML	Female	1	1	0	1	1	1	0	1	1	1
X39138.mzXML.1	39138.mzXML	Male	1	1	0	0	0	1	1	1	0	1
X39139.mzXML.1	39139.mzXML	Female	1	1	1	1	1	1	1	1	1	1
X39140.mzXML.1	39140.mzXML	Female	1	1	0	0	1	1	0	1	1	1
X39141.mzXML.1	39141.mzXML	Male	1	1	0	1	0	1	0	1	1	1
X39142.mzXML.1	39142.mzXML	Female	1	0	0	0	0	1	0	1	0	1
X39143.mzXML.1	39143.mzXML	Male	1	1	1	1	1	1	1	1	1	1
X39145.mzXML.1	39145.mzXML	Female	1	1	0	0	0	1	0	1	0	1
X39146.mzXML.1	39146.mzXML	Female	1	1	0	0	0	1	0	1	0	1
X39147.mzXML.1	39147.mzXML	Male	1	1	1	1	1	1	1	1	1	1
X39149.mzXML.1	39149.mzXML	Female	1	1	1	0	0	1	0	1	0	1
X72843.mzML.1	72843.mzML	Male	1	1	0	0	0	0	0	1	0	0
X72844.mzML.1	72844.mzML	Male	1	1	0	0	1	1	1	1	1	1
X72845.mzML.1	72845.mzML	Female	1	0	0	0	0	0	0	1	0	0
X72846.mzML.1	72846.mzML	Male	1	1	0	1	1	1	1	1	1	1
X72847.mzML.1	72847.mzML	Male	1	0	0	1	1	1	1	1	1	1
X72848.mzML.1	72848.mzML	Female	1	1	0	0	0	1	0	1	0	1
X72849.mzML.1	72849.mzML	Female	1	0	0	0	0	0	0	1	0	0
X72850.mzML.1	72850.mzML	Male	1	1	0	0	1	0	0	1	1	0
X72851.mzML.1	72851.mzML	Female	1	1	0	0	1	1	1	1	1	1
X72852.mzML.1	72852.mzML	Male	1	1	0	0	1	1	1	1	1	1
