SpectrumID,Compound_Name,Precursor_MZ,ExactMass,Ion_Source,Instrument,Compound_Source,PI,Data_Collector,Adduct,Charge,CAS_Number,Pubmed_ID,Smiles,INCHI,INCHI_AUX,Library_Class,IonMode,UpdateWorkflowName,LibraryQualityString,Scan,SpectrumFile,LibraryName,MQScore,Organism,TIC_Query,RT_Query,MZErrorPPM,SharedPeaks,MassDiff,LibMZ,SpecMZ,SpecCharge,FileScanUniqueID,NumberHits,tags,MoleculeExplorerDatasets,MoleculeExplorerFiles,molecular_formula,InChIKey,InChIKey-Planar,superclass,class,subclass,npclassifier_superclass,npclassifier_class,npclassifier_pathway
CCMSLIB00005435553,lithocholic acid,323.273,376.298,ESI,Orbitrap,commercial,Dorrestein,A. Jarmusch,M-3H2O+H,1,434-13-9,N/A,C[C@H](CCC(=O)O)[C@H]1CC[C@@H]2[C@@]1(CC[C@H]3[C@H]2CC[C@H]4[C@@]3(CC[C@H](C4)O)C)C,"1S/C24H40O3/c1-15(4-9-22(26)27)19-7-8-20-18-6-5-16-14-17(25)10-12-23(16,2)21(18)11-13-24(19,20)3/h15-21,25H,4-14H2,1-3H3,(H,26,27)/t15?,16-,17-,18+,19-,20+,21+,23?,24?/m1/s1",N/A,1,Positive,UPDATE-SINGLE-ANNOTATED-GOLD,Gold,28868,spectra/specs_ms.pklbin,lib-00023.mgf,0.879106,BILELIB19,14850.5,394.076,0,11,0,323.273,323.273,1,spectra/specs_ms.pklbin28868,1,,0,0,C24H40O3,SMEROWZSTRWXGI-HVATVPOCSA-N,SMEROWZSTRWXGI,Lipids and lipid-like molecules,Steroids and steroid derivatives,"Bile acids, alcohols and derivatives",Steroids,Cholane steroids,Terpenoids
CCMSLIB00005435552,lithocholic acid,341.284,376.298,ESI,Orbitrap,commercial,Dorrestein,A. Jarmusch,M-2H2O+H,1,434-13-9,N/A,C[C@H](CCC(=O)O)[C@H]1CC[C@@H]2[C@@]1(CC[C@H]3[C@H]2CC[C@H]4[C@@]3(CC[C@H](C4)O)C)C,"1S/C24H40O3/c1-15(4-9-22(26)27)19-7-8-20-18-6-5-16-14-17(25)10-12-23(16,2)21(18)11-13-24(19,20)3/h15-21,25H,4-14H2,1-3H3,(H,26,27)/t15?,16-,17-,18+,19-,20+,21+,23?,24?/m1/s1",N/A,1,Positive,UPDATE-SINGLE-ANNOTATED-GOLD,Gold,35705,spectra/specs_ms.pklbin,lib-00023.mgf,0.831758,BILELIB19,70129.9,268.796,2.95086,11,0.00100708,341.284,341.285,1,spectra/specs_ms.pklbin35705,1,,0,0,C24H40O3,SMEROWZSTRWXGI-HVATVPOCSA-N,SMEROWZSTRWXGI,Lipids and lipid-like molecules,Steroids and steroid derivatives,"Bile acids, alcohols and derivatives",Steroids,Cholane steroids,Terpenoids
CCMSLIB00003137598,Spectral Match to Cholic acid from NIST14,355.263,408.288,ESI,QQQ,Isolated,Data from Gabriel Haddad,Data deposited by mjmeehan,M+H-3H2O,1,81254,N/A,C[C@H](CCC(=O)O)[C@H]1CC[C@@H]2[C@@]1([C@H](C[C@H]3[C@H]2[C@@H](C[C@H]4[C@@]3(CC[C@H](C4)O)C)O)O)C,"InChI=1S/C24H40O5/c1-13(4-7-21(28)29)16-5-6-17-22-18(12-20(27)24(16,17)3)23(2)9-8-15(25)10-14(23)11-19(22)26/h13-20,22,25-27H,4-12H2,1-3H3,(H,28,29)/t13-,14+,15-,16-,17+,18+,19-,20+,22+,23+,24-/m1/s1",N/A,3,Positive,UPDATE-SINGLE-ANNOTATED-BRONZE,Bronze,40112,spectra/specs_ms.pklbin,lib-00017.mgf,0.945036,GNPS-NIST14-MATCHES,213446,176.771,0,13,0,355.263,355.263,1,spectra/specs_ms.pklbin40112,1,,172,16159,C24H40O5,BHQCQFFYRZLCQQ-OELDTZBJSA-N,BHQCQFFYRZLCQQ,Lipids and lipid-like molecules,Steroids and steroid derivatives,"Bile acids, alcohols and derivatives",Steroids,Cholane steroids,Terpenoids
CCMSLIB00005463880,URSODEOXYCHOLATE,357.279,392.293,ESI,Orbitrap,Commercial,Dorrestein,Kelly Weldon,M-2H2O+H,1,128-13-2,31401.0,CC(CCC(=O)O)C1CCC2C1(CCC3C2C(CC4C3(CCC(C4)O)C)O)C,"InChI=1S/C24H40O4/c1-14(4-7-21(27)28)17-5-6-18-22-19(9-11-24(17,18)3)23(2)10-8-16(25)12-15(23)13-20(22)26/h14-20,22,25-26H,4-13H2,1-3H3,(H,27,28)",N/A,1,Positive,UPDATE-SINGLE-ANNOTATED-GOLD,Gold,40547,spectra/specs_ms.pklbin,lib-00029.mgf,0.919766,GNPS-MSMLS,205714,197.364,0,14,0,357.279,357.279,1,spectra/specs_ms.pklbin40547,1,,0,0,C24H40O4,RUDATBOHQWOJDD-UHFFFAOYSA-N,RUDATBOHQWOJDD,Lipids and lipid-like molecules,Steroids and steroid derivatives,"Bile acids, alcohols and derivatives",Steroids,Cholane steroids,Terpenoids
CCMSLIB00005435551,lithocholic acid,359.294,376.298,ESI,Orbitrap,commercial,Dorrestein,A. Jarmusch,M-H2O+H,1,434-13-9,N/A,C[C@H](CCC(=O)O)[C@H]1CC[C@@H]2[C@@]1(CC[C@H]3[C@H]2CC[C@H]4[C@@]3(CC[C@H](C4)O)C)C,"1S/C24H40O3/c1-15(4-9-22(26)27)19-7-8-20-18-6-5-16-14-17(25)10-12-23(16,2)21(18)11-13-24(19,20)3/h15-21,25H,4-14H2,1-3H3,(H,26,27)/t15?,16-,17-,18+,19-,20+,21+,23?,24?/m1/s1",N/A,1,Positive,UPDATE-SINGLE-ANNOTATED-GOLD,Gold,40985,spectra/specs_ms.pklbin,lib-00023.mgf,0.958493,BILELIB19,223650,395.735,0,16,0,359.294,359.294,1,spectra/specs_ms.pklbin40985,1,,0,0,C24H40O3,SMEROWZSTRWXGI-HVATVPOCSA-N,SMEROWZSTRWXGI,Lipids and lipid-like molecules,Steroids and steroid derivatives,"Bile acids, alcohols and derivatives",Steroids,Cholane steroids,Terpenoids
CCMSLIB00005465748,"""(R)-4-((8S,9S,10R,13R,14S,17R)-10,13-dimethyl-3-oxo-2,3,8,9,10,11,12,13,14,15,16,17-dodecahydro-1H-cyclopenta[a]phenanthren-17-yl)pentanoic acid""",371.258,370.251,ESI,qTof,crude,Dorrestein,Emily Gentry,M+H,1,,,C[C@@H]([C@H]1CC[C@]2([H])[C@]1(C)CC[C@@]3([H])[C@@]2([H])C=CC([C@]3(C)CC4)=CC4=O)CCC(O)=O,"""InChI=1S/C24H34O3/c1-15(4-9-22(26)27)19-7-8-20-18-6-5-16-14-17(25)10-12-23(16,2)21(18)11-13-24(19,20)3/h5-6,14-15,18-21H,4,7-13H2,1-3H3,(H,26,27)/t15-,18+,19-,20+,21+,23+,24-/m1/s1""",N/A,1,Positive,UPDATE-SINGLE-ANNOTATED-GOLD,Gold,45803,spectra/specs_ms.pklbin,lib-00023.mgf,0.758509,BILELIB19,31821.6,309.994,2.71262,12,0.00100708,371.258,371.257,1,spectra/specs_ms.pklbin45803,1,,0,0,C24H34O3,CREVIXFSUWYGRJ-IHMUCKAYSA-N,CREVIXFSUWYGRJ,Lipids and lipid-like molecules,Steroids and steroid derivatives,"Bile acids, alcohols and derivatives",Steroids,Cholestane steroids,Terpenoids
CCMSLIB00005464788,"""(R)-4-((3S,5S,7R,8R,9S,10S,13R,14S,17R)-3,7-dihydroxy-10,13-dimethyl-12-oxohexadecahydro-1H-cyclopenta[a]phenanthren-17-yl)pentanoic acid""",371.258,406.272,ESI,qTof,crude,Dorrestein,Emily Gentry,M-2H2O+H,1,,,C[C@@H]([C@H]1CC[C@]2([H])[C@]1(C)C(C[C@@]3([H])[C@@]2([H])[C@H](O)C[C@@]4([H])[C@]3(C)CC[C@H](O)C4)=O)CCC(O)=O,"""InChI=1S/C24H38O5/c1-13(4-7-21(28)29)16-5-6-17-22-18(12-20(27)24(16,17)3)23(2)9-8-15(25)10-14(23)11-19(22)26/h13-19,22,25-26H,4-12H2,1-3H3,(H,28,29)/t13-,14+,15+,16-,17+,18+,19-,22+,23+,24-/m1/s1""",N/A,1,Positive,UPDATE-SINGLE-ANNOTATED-GOLD,Gold,45902,spectra/specs_ms.pklbin,lib-00023.mgf,0.759149,BILELIB19,129869,328.54,0,12,0,371.258,371.258,1,spectra/specs_ms.pklbin45902,1,,0,0,C24H38O5,MIHNUBCEFJLAGN-MTUXEBOFSA-N,MIHNUBCEFJLAGN,Lipids and lipid-like molecules,Steroids and steroid derivatives,"Bile acids, alcohols and derivatives",Steroids,Cholane steroids,Terpenoids
CCMSLIB00005465719,"""(R)-4-((8S,9S,10R,13R,14S,17R)-10,13-dimethyl-3-oxo-2,3,6,7,8,9,10,11,12,13,14,15,16,17-tetradecahydro-1H-cyclopenta[a]phenanthren-17-yl)pentanoic acid""",373.274,372.266,ESI,qTof,crude,Dorrestein,Emily Gentry,M+H,1,,,C[C@@H]([C@H]1CC[C@]2([H])[C@]1(C)CC[C@@]3([H])[C@@]2([H])CCC([C@]3(C)CC4)=CC4=O)CCC(O)=O,"""InChI=1S/C24H36O3/c1-15(4-9-22(26)27)19-7-8-20-18-6-5-16-14-17(25)10-12-23(16,2)21(18)11-13-24(19,20)3/h14-15,18-21H,4-13H2,1-3H3,(H,26,27)/t15-,18+,19-,20+,21+,23+,24-/m1/s1""",N/A,1,Positive,UPDATE-SINGLE-ANNOTATED-GOLD,Gold,46214,spectra/specs_ms.pklbin,lib-00023.mgf,0.885922,BILELIB19,80400,314.495,2.61621,13,0.000976562,373.274,373.273,1,spectra/specs_ms.pklbin46214,1,,0,0,C24H36O3,WCFIGQHNBJXROP-IHMUCKAYSA-N,WCFIGQHNBJXROP,Lipids and lipid-like molecules,Steroids and steroid derivatives,"Bile acids, alcohols and derivatives",Steroids,Cholane steroids,Terpenoids
CCMSLIB00005435507,deoxycholic acid,375.289,392.293,ESI,Orbitrap,commercial,Dorrestein,A. Jarmusch,M-H2O+H,1,201-478-5,N/A,C[C@H](CCC(=O)O)[C@H]1CC[C@@H]2[C@@]1([C@H](C[C@H]3[C@H]2CC[C@H]4[C@@]3(CC[C@H](C4)O)C)O)C,"1S/C24H40O4/c1-14(4-9-22(27)28)18-7-8-19-17-6-5-15-12-16(25)10-11-23(15,2)20(17)13-21(26)24(18,19)3/h14-21,25-26H,4-13H2,1-3H3,(H,27,28)/t14?,15-,16-,17+,18-,19+,20+,21+,23?,24?/m1/s1",N/A,1,Positive,UPDATE-SINGLE-ANNOTATED-GOLD,Gold,46597,spectra/specs_ms.pklbin,lib-00023.mgf,0.910221,BILELIB19,220934,225.488,0,15,0,375.289,375.289,1,spectra/specs_ms.pklbin46597,1,,0,0,C24H40O4,KXGVEGMKQFWNSR-LLQZFEROSA-N,KXGVEGMKQFWNSR,Lipids and lipid-like molecules,Steroids and steroid derivatives,"Bile acids, alcohols and derivatives",Steroids,Cholane steroids,Terpenoids
CCMSLIB00003137109,Spectral Match to 24S-Hydroxycholesterol from NIST14,385.349,402.35,ESI,qTof,Isolated,Data from Wolfender/Litaudon,Data deposited by pmallard,M+H-H2O,1,474737,N/A,C[C@H](CC[C@@H](C(C)C)O)[C@H]1CC[C@@H]2[C@@]1(CC[C@H]3[C@H]2CC=C4[C@@]3(CC[C@@H](C4)O)C)C,"InChI=1S/C27H46O2/c1-17(2)25(29)11-6-18(3)22-9-10-23-21-8-7-19-16-20(28)12-14-26(19,4)24(21)13-15-27(22,23)5/h7,17-18,20-25,28-29H,6,8-16H2,1-5H3/t18-,20+,21+,22-,23+,24+,25+,26+,27-/m1/s1",N/A,3,Positive,UPDATE-SINGLE-ANNOTATED-BRONZE,Bronze,49053,spectra/specs_ms.pklbin,lib-00017.mgf,0.891559,GNPS-NIST14-MATCHES,34384,397.882,5.22685,16,0.00201416,385.349,385.347,1,spectra/specs_ms.pklbin49053,1,,5,261,C27H46O2,IOWMKBFJCNLRTC-XWXSNNQWSA-N,IOWMKBFJCNLRTC,Lipids and lipid-like molecules,Steroids and steroid derivatives,"Bile acids, alcohols and derivatives",Steroids,Cholestane steroids,Terpenoids
CCMSLIB00005465139,"""(4R)-4-((3S,5S,7S,9S,10S,13R,14S,17R)-3,7-dihydroxy-10,13-dimethyl-12-oxohexadecahydro-1H-cyclopenta[a]phenanthren-17-yl)pentanoic acid""",389.268,406.272,ESI,qTof,crude,Dorrestein,Emily Gentry,M-H2O+H,1,,,O[C@H]1CC[C@@]2(C)[C@H](C[C@H](O)[C@]([C@H]3[C@@]4(C)[C@@H]([C@H](C)CCC(O)=O)CC3)([H])[C@@H]2CC4=O)C1,"""InChI=1S/C24H38O5/c1-13(4-7-21(28)29)16-5-6-17-22-18(12-20(27)24(16,17)3)23(2)9-8-15(25)10-14(23)11-19(22)26/h13-19,22,25-26H,4-12H2,1-3H3,(H,28,29)/t13-,14+,15+,16-,17+,18+,19+,22+,23+,24-/m1/s1""",N/A,1,Positive,UPDATE-SINGLE-ANNOTATED-GOLD,Gold,50126,spectra/specs_ms.pklbin,lib-00023.mgf,0.730089,BILELIB19,192319,162.985,0,11,0,389.268,389.268,1,spectra/specs_ms.pklbin50126,1,,0,0,C24H38O5,MIHNUBCEFJLAGN-BENKZWDNSA-N,MIHNUBCEFJLAGN,Lipids and lipid-like molecules,Steroids and steroid derivatives,"Bile acids, alcohols and derivatives",Steroids,Cholane steroids,Terpenoids
CCMSLIB00005465702,"""(R)-4-((3R,5R,6R,7R,8R,9S,10R,12S,13R,14S,17R)-3,6,7,12-tetrahydroxy-10,13-dimethylhexadecahydro-1H-cyclopenta[a]phenanthren-17-yl)pentanoic acid""",389.269,424.283,ESI,qTof,crude,Dorrestein,Emily Gentry,M-2H2O+H,1,,,C[C@@H]([C@H]1CC[C@]2([H])[C@]1(C)[C@@H](O)C[C@@]3([H])[C@@]2([H])[C@@H](O)[C@H](O)[C@@]4([H])[C@]3(C)CC[C@@H](O)C4)CCC(O)=O,"""InChI=1S/C24H40O6/c1-12(4-7-19(27)28)14-5-6-15-20-16(11-18(26)24(14,15)3)23(2)9-8-13(25)10-17(23)21(29)22(20)30/h12-18,20-22,25-26,29-30H,4-11H2,1-3H3,(H,27,28)/t12-,13-,14-,15+,16+,17+,18+,20+,21-,22-,23-,24-/m1/s1""",N/A,1,Positive,UPDATE-SINGLE-ANNOTATED-GOLD,Gold,50130,spectra/specs_ms.pklbin,lib-00023.mgf,0.778693,BILELIB19,194049,172.83,0,13,0,389.269,389.269,1,spectra/specs_ms.pklbin50130,1,,0,0,C24H40O6,COCMFMBNEAMQMA-FOKRCTQASA-N,COCMFMBNEAMQMA,Lipids and lipid-like molecules,Steroids and steroid derivatives,"Bile acids, alcohols and derivatives",Steroids,Cholane steroids,Terpenoids
CCMSLIB00003135123,Spectral Match to 12-Ketodeoxycholic acid from NIST14,391.284,0,LC-ESI,qTof,Isolated,Data from Joshua Wollam,Data deposited by fevargas,M+H,1,5130290,N/A,CC(CCC(=O)O)C1CCC2C1(C(=O)CC3C2CCC4C3(CCC(C4)O)C)C,"InChI=1S/C24H38O4/c1-14(4-9-22(27)28)18-7-8-19-17-6-5-15-12-16(25)10-11-23(15,2)20(17)13-21(26)24(18,19)3/h14-20,25H,4-13H2,1-3H3,(H,27,28)",N/A,3,Positive,UPDATE-SINGLE-ANNOTATED-BRONZE,Bronze,50476,spectra/specs_ms.pklbin,lib-00017.mgf,0.826622,GNPS-NIST14-MATCHES,101831,327.474,0,16,0,391.284,391.284,1,spectra/specs_ms.pklbin50476,1,,79,11016,C24H38O4,CVNYHSDFZXHMMJ-UHFFFAOYSA-N,CVNYHSDFZXHMMJ,Lipids and lipid-like molecules,Steroids and steroid derivatives,"Bile acids, alcohols and derivatives",Steroids,Cholane steroids,Terpenoids
CCMSLIB00005464715,"""(4R)-4-((3S,5R,9S,10S,13R,14S,17R)-3-hydroxy-10,13-dimethyl-12-oxohexadecahydro-1H-cyclopenta[a]phenanthren-17-yl)pentanoic acid""",391.284,390.277,ESI,qTof,crude,Dorrestein,Emily Gentry,M+H,1,,,[H][C@@]([C@@H]([C@@]12C)CC[C@@H]1[C@@H](CCC(O)=O)C)(CC[C@H]3[C@]4(C)CC[C@H](O)C3)[C@@H]4CC2=O,"""InChI=1S/C24H38O4/c1-14(4-9-22(27)28)18-7-8-19-17-6-5-15-12-16(25)10-11-23(15,2)20(17)13-21(26)24(18,19)3/h14-20,25H,4-13H2,1-3H3,(H,27,28)/t14-,15-,16+,17+,18-,19+,20+,23+,24-/m1/s1""",N/A,1,Positive,UPDATE-SINGLE-ANNOTATED-GOLD,Gold,50479,spectra/specs_ms.pklbin,lib-00023.mgf,0.751991,BILELIB19,42031.8,267.291,0,11,0,391.284,391.284,1,spectra/specs_ms.pklbin50479,1,,0,0,C24H38O4,CVNYHSDFZXHMMJ-KIHIVPLQSA-N,CVNYHSDFZXHMMJ,Lipids and lipid-like molecules,Steroids and steroid derivatives,"Bile acids, alcohols and derivatives",Steroids,Cholane steroids,Terpenoids
CCMSLIB00005463904,CHOLATE,391.284,408.288,ESI,Orbitrap,Commercial,Dorrestein,Kelly Weldon,M-H2O+H,1,81-25-4,221493.0,[H][C@@]1(CC[C@@]2([H])[C@]3([H])[C@H](O)C[C@]4([H])C[C@H](O)CC[C@]4(C)[C@@]3([H])C[C@H](O)[C@]12C)[C@H](C)CCC(O)=O,"InChI=1S/C24H40O5/c1-13(4-7-21(28)29)16-5-6-17-22-18(12-20(27)24(16,17)3)23(2)9-8-15(25)10-14(23)11-19(22)26/h13-20,22,25-27H,4-12H2,1-3H3,(H,28,29)/t13-,14+,15-,16-,17+,18+,19-,20+,22+,23+,24-/m1/s1",N/A,1,Positive,UPDATE-SINGLE-ANNOTATED-GOLD,Gold,50486,spectra/specs_ms.pklbin,lib-00029.mgf,0.87333,GNPS-MSMLS,120475,222.205,0,15,0,391.284,391.284,1,spectra/specs_ms.pklbin50486,1,,0,0,C24H40O5,BHQCQFFYRZLCQQ-OELDTZBJSA-N,BHQCQFFYRZLCQQ,Lipids and lipid-like molecules,Steroids and steroid derivatives,"Bile acids, alcohols and derivatives",Steroids,Cholane steroids,Terpenoids
CCMSLIB00006691779,cholic acid,391.284,0,LC-ESI,Orbitrap,commercial,Trent Northen,JGI:198462,M+H-H2O,1,N/A,N/A,CC(CCC(=O)O)C1CCC2C3C(O)CC4CC(O)CCC4(C)C3CC(O)C12C,"InChI=1S/C24H40O5/c1-13(4-7-21(28)29)16-5-6-17-22-18(12-20(27)24(16,17)3)23(2)9-8-15(25)10-14(23)11-19(22)26/h13-20,22,25-27H,4-12H2,1-3H3,(H,28,29)/t13-,14+,15-,16-,17+,18+,19-,20+,22+,23+,24-/m1/s1",N/A,3,Positive,UPDATE-SINGLE-ANNOTATED-BRONZE,Bronze,50505,spectra/specs_ms.pklbin,lib-00011.mgf,0.851525,BERKELEY-LAB,23643.9,256.988,0.70194,16,0.000274658,391.284,391.284,1,spectra/specs_ms.pklbin50505,1,,0,0,C24H40O5,BHQCQFFYRZLCQQ-UHFFFAOYSA-N,BHQCQFFYRZLCQQ,Lipids and lipid-like molecules,Steroids and steroid derivatives,"Bile acids, alcohols and derivatives",Steroids,Cholane steroids,Terpenoids
CCMSLIB00005465755,"""(R)-4-((3S,5S,7R,8R,9S,10S,12S,13R,14S,17R)-3,7,12-trihydroxy-10,13-dimethylhexadecahydro-1H-cyclopenta[a]phenanthren-17-yl)pentanoic acid""",391.284,408.288,ESI,qTof,crude,Dorrestein,Emily Gentry,M-H2O+H,1,,,C[C@@H]([C@H]1CC[C@]2([H])[C@]1(C)[C@@H](O)C[C@@]3([H])[C@@]2([H])[C@H](O)C[C@@]4([H])[C@]3(C)CC[C@H](O)C4)CCC(O)=O,"""InChI=1S/C24H40O5/c1-13(4-7-21(28)29)16-5-6-17-22-18(12-20(27)24(16,17)3)23(2)9-8-15(25)10-14(23)11-19(22)26/h13-20,22,25-27H,4-12H2,1-3H3,(H,28,29)/t13-,14+,15+,16-,17+,18+,19-,20+,22+,23+,24-/m1/s1""",N/A,1,Positive,UPDATE-SINGLE-ANNOTATED-GOLD,Gold,50513,spectra/specs_ms.pklbin,lib-00023.mgf,0.849066,BILELIB19,5241.22,295.311,0,14,0,391.284,391.284,1,spectra/specs_ms.pklbin50513,1,,0,0,C24H40O5,BHQCQFFYRZLCQQ-UXWVVXDJSA-N,BHQCQFFYRZLCQQ,Lipids and lipid-like molecules,Steroids and steroid derivatives,"Bile acids, alcohols and derivatives",Steroids,Cholane steroids,Terpenoids
CCMSLIB00005463904,CHOLATE,391.284,408.288,ESI,Orbitrap,Commercial,Dorrestein,Kelly Weldon,M-H2O+H,1,81-25-4,221493.0,[H][C@@]1(CC[C@@]2([H])[C@]3([H])[C@H](O)C[C@]4([H])C[C@H](O)CC[C@]4(C)[C@@]3([H])C[C@H](O)[C@]12C)[C@H](C)CCC(O)=O,"InChI=1S/C24H40O5/c1-13(4-7-21(28)29)16-5-6-17-22-18(12-20(27)24(16,17)3)23(2)9-8-15(25)10-14(23)11-19(22)26/h13-20,22,25-27H,4-12H2,1-3H3,(H,28,29)/t13-,14+,15-,16-,17+,18+,19-,20+,22+,23+,24-/m1/s1",N/A,1,Positive,UPDATE-SINGLE-ANNOTATED-GOLD,Gold,50518,spectra/specs_ms.pklbin,lib-00029.mgf,0.701607,GNPS-MSMLS,10047.2,197.347,2.57378,11,0.00100708,391.284,391.285,1,spectra/specs_ms.pklbin50518,1,,0,0,C24H40O5,BHQCQFFYRZLCQQ-OELDTZBJSA-N,BHQCQFFYRZLCQQ,Lipids and lipid-like molecules,Steroids and steroid derivatives,"Bile acids, alcohols and derivatives",Steroids,Cholane steroids,Terpenoids
CCMSLIB00005465129,"""(4R)-4-((3R,5R,6R,9S,10R,12S,13R,14S,17R)-3,6,12-trihydroxy-10,13-dimethylhexadecahydro-1H-cyclopenta[a]phenanthren-17-yl)pentanoic acid""",391.284,408.288,ESI,qTof,crude,Dorrestein,Emily Gentry,M-H2O+H,1,,,C[C@H](CCC(O)=O)[C@H]1CC[C@H]2[C@]3([H])C[C@@H](O)[C@]4([H])C[C@H](O)CC[C@]4(C)[C@H]3C[C@H](O)[C@@]21C,"""InChI=1S/C24H40O5/c1-13(4-7-22(28)29)16-5-6-17-15-11-20(26)19-10-14(25)8-9-23(19,2)18(15)12-21(27)24(16,17)3/h13-21,25-27H,4-12H2,1-3H3,(H,28,29)/t13-,14-,15+,16-,17+,18+,19+,20-,21+,23-,24-/m1/s1""",N/A,1,Positive,UPDATE-SINGLE-ANNOTATED-GOLD,Gold,50523,spectra/specs_ms.pklbin,lib-00023.mgf,0.782733,BILELIB19,15265.7,261.971,2.57378,13,0.00100708,391.284,391.285,1,spectra/specs_ms.pklbin50523,1,,0,0,C24H40O5,GCAHOAMXTYBLNZ-KKKVDMSXSA-N,GCAHOAMXTYBLNZ,Lipids and lipid-like molecules,Steroids and steroid derivatives,"Bile acids, alcohols and derivatives",Steroids,Cholane steroids,Terpenoids
CCMSLIB00005465755,"""(R)-4-((3S,5S,7R,8R,9S,10S,12S,13R,14S,17R)-3,7,12-trihydroxy-10,13-dimethylhexadecahydro-1H-cyclopenta[a]phenanthren-17-yl)pentanoic acid""",391.284,408.288,ESI,qTof,crude,Dorrestein,Emily Gentry,M-H2O+H,1,,,C[C@@H]([C@H]1CC[C@]2([H])[C@]1(C)[C@@H](O)C[C@@]3([H])[C@@]2([H])[C@H](O)C[C@@]4([H])[C@]3(C)CC[C@H](O)C4)CCC(O)=O,"""InChI=1S/C24H40O5/c1-13(4-7-21(28)29)16-5-6-17-22-18(12-20(27)24(16,17)3)23(2)9-8-15(25)10-14(23)11-19(22)26/h13-20,22,25-27H,4-12H2,1-3H3,(H,28,29)/t13-,14+,15+,16-,17+,18+,19-,20+,22+,23+,24-/m1/s1""",N/A,1,Positive,UPDATE-SINGLE-ANNOTATED-GOLD,Gold,50860,spectra/specs_ms.pklbin,lib-00023.mgf,0.782121,BILELIB19,1969.29,233.509,2.57378,13,0.00100708,391.284,391.285,1,spectra/specs_ms.pklbin50860,1,,0,0,C24H40O5,BHQCQFFYRZLCQQ-UXWVVXDJSA-N,BHQCQFFYRZLCQQ,Lipids and lipid-like molecules,Steroids and steroid derivatives,"Bile acids, alcohols and derivatives",Steroids,Cholane steroids,Terpenoids
CCMSLIB00004704507,DEHYDROCHOLIC ACID,403.248,0,N/A,ESI-QFT,isolated,MoNA,MoNA:VF-NPL-QEHF013444,[M+H]+,1,N/A,N/A,C[C@H](CCC(=O)O)[C@H]1CC[C@H]2[C@@H]3C(=O)C[C@@H]4CC(=O)CC[C@]4(C)[C@H]3CC(=O)[C@@]21C,"InChI=1S/C24H34O5/c1-13(4-7-21(28)29)16-5-6-17-22-18(12-20(27)24(16,17)3)23(2)9-8-15(25)10-14(23)11-19(22)26/h13-14,16-18,22H,4-12H2,1-3H3,(H,28,29)/t13-,14+,16-,17+,18+,22+,23+,24-/m1/s1",N/A,3,positive,UPDATE-SINGLE-ANNOTATED-BRONZE,Bronze,53889,spectra/specs_ms.pklbin,lib-00003.mgf,0.792451,MONA,20216.4,253.279,0,14,0,403.248,403.248,1,spectra/specs_ms.pklbin53889,1,,4,72,C24H34O5,OHXPGWPVLFPUSM-KLRNGDHRSA-N,OHXPGWPVLFPUSM,Lipids and lipid-like molecules,Steroids and steroid derivatives,"Bile acids, alcohols and derivatives",Steroids,Cholane steroids,Terpenoids
CCMSLIB00005464807,"""(R)-4-((3R,5S,8R,9S,10S,13R,14S,17R)-3-hydroxy-10,13-dimethyl-7,12-dioxohexadecahydro-1H-cyclopenta[a]phenanthren-17-yl)pentanoic acid""",405.264,404.256,ESI,qTof,crude,Dorrestein,Emily Gentry,M+H,1,,,C[C@@H]([C@H]1CC[C@]2([H])[C@]1(C)C(C[C@@]3([H])[C@@]2([H])C(C[C@@]4([H])[C@]3(C)CC[C@@H](O)C4)=O)=O)CCC(O)=O,"""InChI=1S/C24H36O5/c1-13(4-7-21(28)29)16-5-6-17-22-18(12-20(27)24(16,17)3)23(2)9-8-15(25)10-14(23)11-19(22)26/h13-18,22,25H,4-12H2,1-3H3,(H,28,29)/t13-,14+,15-,16-,17+,18+,22+,23+,24-/m1/s1""",N/A,1,Positive,UPDATE-SINGLE-ANNOTATED-GOLD,Gold,54234,spectra/specs_ms.pklbin,lib-00023.mgf,0.777179,BILELIB19,106036,191.585,2.485,15,0.00100708,405.264,405.263,1,spectra/specs_ms.pklbin54234,1,,0,0,C24H36O5,MAFJMPFLJJCSTB-FQBQTYDJSA-N,MAFJMPFLJJCSTB,Lipids and lipid-like molecules,Steroids and steroid derivatives,"Bile acids, alcohols and derivatives",Steroids,Cholane steroids,Terpenoids
CCMSLIB00005464785,"""(R)-4-((3S,5S,7R,8R,9S,10S,13R,14S,17R)-3,7-dihydroxy-10,13-dimethyl-12-oxohexadecahydro-1H-cyclopenta[a]phenanthren-17-yl)pentanoic acid""",407.279,406.272,ESI,qTof,crude,Dorrestein,Emily Gentry,M+H,1,,,C[C@@H]([C@H]1CC[C@]2([H])[C@]1(C)C(C[C@@]3([H])[C@@]2([H])[C@H](O)C[C@@]4([H])[C@]3(C)CC[C@H](O)C4)=O)CCC(O)=O,"""InChI=1S/C24H38O5/c1-13(4-7-21(28)29)16-5-6-17-22-18(12-20(27)24(16,17)3)23(2)9-8-15(25)10-14(23)11-19(22)26/h13-19,22,25-26H,4-12H2,1-3H3,(H,28,29)/t13-,14+,15+,16-,17+,18+,19-,22+,23+,24-/m1/s1""",N/A,1,Positive,UPDATE-SINGLE-ANNOTATED-GOLD,Gold,54730,spectra/specs_ms.pklbin,lib-00023.mgf,0.846288,BILELIB19,185636,204.584,0,13,0,407.279,407.279,1,spectra/specs_ms.pklbin54730,1,,0,0,C24H38O5,MIHNUBCEFJLAGN-MTUXEBOFSA-N,MIHNUBCEFJLAGN,Lipids and lipid-like molecules,Steroids and steroid derivatives,"Bile acids, alcohols and derivatives",Steroids,Cholane steroids,Terpenoids
CCMSLIB00005465699,"""(R)-4-((3R,5R,6R,7R,8R,9S,10R,12S,13R,14S,17R)-3,6,7,12-tetrahydroxy-10,13-dimethylhexadecahydro-1H-cyclopenta[a]phenanthren-17-yl)pentanoic acid""",407.279,424.283,ESI,qTof,crude,Dorrestein,Emily Gentry,M-H2O+H,1,,,C[C@@H]([C@H]1CC[C@]2([H])[C@]1(C)[C@@H](O)C[C@@]3([H])[C@@]2([H])[C@@H](O)[C@H](O)[C@@]4([H])[C@]3(C)CC[C@@H](O)C4)CCC(O)=O,"""InChI=1S/C24H40O6/c1-12(4-7-19(27)28)14-5-6-15-20-16(11-18(26)24(14,15)3)23(2)9-8-13(25)10-17(23)21(29)22(20)30/h12-18,20-22,25-26,29-30H,4-11H2,1-3H3,(H,27,28)/t12-,13-,14-,15+,16+,17+,18+,20+,21-,22-,23-,24-/m1/s1""",N/A,1,Positive,UPDATE-SINGLE-ANNOTATED-GOLD,Gold,54732,spectra/specs_ms.pklbin,lib-00023.mgf,0.832518,BILELIB19,30556.8,232.945,0,12,0,407.279,407.279,1,spectra/specs_ms.pklbin54732,1,,0,0,C24H40O6,COCMFMBNEAMQMA-FOKRCTQASA-N,COCMFMBNEAMQMA,Lipids and lipid-like molecules,Steroids and steroid derivatives,"Bile acids, alcohols and derivatives",Steroids,Cholane steroids,Terpenoids
CCMSLIB00005465009,"""(4R)-4-((2S,3S,5R,7R,9S,10S,12S,13R,14S,17R)-2,3,7,12-tetrahydroxy-10,13-dimethylhexadecahydro-1H-cyclopenta[a]phenanthren-17-yl)pentanoic acid""",407.279,424.283,ESI,qTof,crude,Dorrestein,Emily Gentry,M-H2O+H,1,,,[H][C@@]1([C@H](O)C[C@H]2[C@]3(C)C[C@H](O)[C@@H](O)C2)[C@@H]3C[C@H](O)[C@@]4(C)[C@H]1CC[C@@H]4[C@@H](CCC(O)=O)C,"""InChI=1S/C24H40O6/c1-12(4-7-21(29)30)14-5-6-15-22-16(10-20(28)24(14,15)3)23(2)11-19(27)17(25)8-13(23)9-18(22)26/h12-20,22,25-28H,4-11H2,1-3H3,(H,29,30)/t12-,13+,14-,15+,16+,17+,18-,19+,20+,22+,23+,24-/m1/s1""",N/A,1,Positive,UPDATE-SINGLE-ANNOTATED-GOLD,Gold,54745,spectra/specs_ms.pklbin,lib-00023.mgf,0.799429,BILELIB19,1849.34,306.51,0,13,0,407.279,407.279,1,spectra/specs_ms.pklbin54745,1,,0,0,C24H40O6,IMMADCCLTPCOKH-HNWZYOJHSA-N,IMMADCCLTPCOKH,Lipids and lipid-like molecules,Steroids and steroid derivatives,"Bile acids, alcohols and derivatives",Steroids,Cholane steroids,Terpenoids
CCMSLIB00005465543,"""(R)-4-((3R,5R,6R,7S,8S,9S,10R,13R,14S,17R)-3,6,7-trihydroxy-10,13-dimethylhexadecahydro-1H-cyclopenta[a]phenanthren-17-yl)pentanoic acid""",409.295,408.288,ESI,qTof,crude,Dorrestein,Emily Gentry,M+H,1,,,C[C@@H]([C@H]1CC[C@]2([H])[C@]1(C)CC[C@@]3([H])[C@@]2([H])[C@H](O)[C@H](O)[C@@]4([H])[C@]3(C)CC[C@@H](O)C4)CCC(O)=O,"""InChI=1S/C24H40O5/c1-13(4-7-19(26)27)15-5-6-16-20-17(9-11-23(15,16)2)24(3)10-8-14(25)12-18(24)21(28)22(20)29/h13-18,20-22,25,28-29H,4-12H2,1-3H3,(H,26,27)/t13-,14-,15-,16+,17+,18+,20+,21-,22+,23-,24-/m1/s1""",N/A,1,Positive,UPDATE-SINGLE-ANNOTATED-GOLD,Gold,55197,spectra/specs_ms.pklbin,lib-00023.mgf,0.876221,BILELIB19,65839.8,289.283,2.46052,14,0.00100708,409.295,409.294,1,spectra/specs_ms.pklbin55197,1,,0,0,C24H40O5,DKPMWHFRUGMUKF-KWXDGCAGSA-N,DKPMWHFRUGMUKF,Lipids and lipid-like molecules,Steroids and steroid derivatives,"Bile acids, alcohols and derivatives",Steroids,Cholane steroids,Terpenoids
CCMSLIB00005435537,glycoursodeoxycholic acid,414.3,449.314,ESI,Orbitrap,commercial,Dorrestein,A. Jarmusch,M-2H2O+H,1,64480-66-6,N/A,C[C@H](CCC(=O)NCC(=O)O)[C@H]1CC[C@@H]2[C@@]1(CC[C@H]3[C@H]2[C@H](C[C@H]4[C@@]3(CC[C@H](C4)O)C)O)C,"1S/C26H43NO5/c1-15(4-7-22(30)27-14-23(31)32)18-5-6-19-24-20(9-11-26(18,19)3)25(2)10-8-17(28)12-16(25)13-21(24)29/h15-21,24,28-29H,4-14H2,1-3H3,(H,27,30)(H,31,32)/t15?,16-,17+,18+,19-,20-,21-,24-,25?,26?/m0/s1",N/A,1,Positive,UPDATE-SINGLE-ANNOTATED-GOLD,Gold,56649,spectra/specs_ms.pklbin,lib-00023.mgf,0.762095,BILELIB19,87213.1,180.035,0,9,0,414.3,414.3,1,spectra/specs_ms.pklbin56649,1,,0,0,C26H43NO5,GHCZAUBVMUEKKP-XROMFQGDSA-N,GHCZAUBVMUEKKP,Lipids and lipid-like molecules,Steroids and steroid derivatives,"Bile acids, alcohols and derivatives",Steroids,Cholane steroids,Terpenoids
CCMSLIB00005465031,"""(4R)-4-((3R,5R,7R,9S,10S,13R,14S,17R)-3,7-dihydroxy-10,13-dimethylhexadecahydro-1H-cyclopenta[a]phenanthren-17-yl)pentanoic acid""",415.282,392.293,ESI,qTof,crude,Dorrestein,Emily Gentry,M+Na,1,,,C[C@H](CCC(O)=O)[C@H]1CC[C@H]2[C@]([C@@H]3CC[C@@]21C)([H])[C@H](O)C[C@]4([H])[C@]3(C)CC[C@@H](O)C4,"""InChI=1S/C24H40O4/c1-14(4-7-21(27)28)17-5-6-18-22-19(9-11-24(17,18)3)23(2)10-8-16(25)12-15(23)13-20(22)26/h14-20,22,25-26H,4-13H2,1-3H3,(H,27,28)/t14-,15-,16-,17-,18+,19+,20-,22+,23+,24-/m1/s1""",N/A,1,Positive,UPDATE-SINGLE-ANNOTATED-GOLD,Gold,56880,spectra/specs_ms.pklbin,lib-00023.mgf,0.717364,BILELIB19,5653.47,297.389,2.42505,12,0.00100708,415.282,415.281,1,spectra/specs_ms.pklbin56880,1,,0,0,C24H40O4,RUDATBOHQWOJDD-IKAPKQLESA-N,RUDATBOHQWOJDD,Lipids and lipid-like molecules,Steroids and steroid derivatives,"Bile acids, alcohols and derivatives",Steroids,Cholane steroids,Terpenoids
CCMSLIB00005738294,"Massbank:RP010703 delta4-Dafachronic acid|3-Oxocholest-4-en-26-oic acid|(6R)-6-[(8S,9S,10R,13R,14S,17R)-10,13-dimethyl-3-oxo-1,2,6,7,8,9,11,12,14,15,16,17-dodecahydrocyclopenta[a]phenanthren-17-yl]-2-methylheptanoic ac",415.321,0,ESI,qTof,Isolated,Massbank,Massbank,M+H,1,N/A,N/A,C[C@H](CCCC(C)C(O)=O)[C@H]1CC[C@H]2[C@@H]3CCC4=CC(=O)CC[C@]4(C)[C@H]3CC[C@]12C,"1S/C27H42O3/c1-17(6-5-7-18(2)25(29)30)22-10-11-23-21-9-8-19-16-20(28)12-14-26(19,3)24(21)13-15-27(22,23)4/h16-18,21-24H,5-15H2,1-4H3,(H,29,30)/t17-,18?,21+,22-,23+,24+,26+,27-/m1/s1",N/A,3,Positive,UPDATE-SINGLE-ANNOTATED-BRONZE,Bronze,56914,spectra/specs_ms.pklbin,lib-00046.mgf,0.786512,MASSBANK,5908.9,448.238,0,9,0,415.321,415.321,1,spectra/specs_ms.pklbin56914,1,,0,0,C27H42O3,PSXQJZDFWDKBIP-NNWQCNCGSA-N,PSXQJZDFWDKBIP,Lipids and lipid-like molecules,Steroids and steroid derivatives,"Bile acids, alcohols and derivatives",Steroids,Cholestane steroids,Terpenoids
CCMSLIB00005464932,"""(3R,5S,7R,8R,9S,10S,12S,13R,14S,17R)-17-((2R)-6,7-dihydroxy-6-methylheptan-2-yl)-10,13-dimethylhexadecahydro-1H-cyclopenta[a]phenanthrene-3,7,12-triol""",417.336,452.35,ESI,qTof,crude,Dorrestein,Emily Gentry,M-2H2O+H,1,,,C[C@@H]([C@H]1CC[C@]2([H])[C@]1(C)[C@@H](O)C[C@@]3([H])[C@@]2([H])[C@H](O)C[C@@]4([H])[C@]3(C)CC[C@@H](O)C4)CCCC(O)(C)CO,"""InChI=1S/C27H48O5/c1-16(6-5-10-25(2,32)15-28)19-7-8-20-24-21(14-23(31)27(19,20)4)26(3)11-9-18(29)12-17(26)13-22(24)30/h16-24,28-32H,5-15H2,1-4H3/t16-,17+,18-,19-,20+,21+,22-,23+,24+,25?,26+,27-/m1/s1""",N/A,1,Positive,UPDATE-SINGLE-ANNOTATED-GOLD,Gold,57184,spectra/specs_ms.pklbin,lib-00023.mgf,0.759681,BILELIB19,146615,202.428,2.41312,14,0.00100708,417.336,417.337,1,spectra/specs_ms.pklbin57184,1,,0,0,C27H48O5,XZDHXPDYLPEFQI-FIMPYCPFSA-N,XZDHXPDYLPEFQI,Lipids and lipid-like molecules,Steroids and steroid derivatives,"Bile acids, alcohols and derivatives",Steroids,Cholane steroids|Cholestane steroids,Terpenoids
CCMSLIB00005465309,"""(3R,5S,7R,8R,9S,10S,12S,13R,14S,17R)-17-((2R,5R)-5,7-dihydroxyheptan-2-yl)-10,13-dimethylhexadecahydro-1H-cyclopenta[a]phenanthrene-3,7,12-triol""",421.331,438.335,ESI,qTof,crude,Dorrestein,Emily Gentry,M-H2O+H,1,,,O[C@@H](C1)CC[C@@]2(C)[C@]1([H])C[C@@H](O)[C@]3([H])[C@]2([H])C[C@H](O)[C@@]4(C)[C@@]3([H])CC[C@@]4([C@H](C)CC[C@@H](O)CCO)[H],"""InChI=1S/C26H46O5/c1-15(4-5-17(28)9-11-27)19-6-7-20-24-21(14-23(31)26(19,20)3)25(2)10-8-18(29)12-16(25)13-22(24)30/h15-24,27-31H,4-14H2,1-3H3/t15?,16-,17+,18+,19+,20-,21-,22+,23-,24-,25?,26?/m0/s1""",N/A,1,Positive,UPDATE-SINGLE-ANNOTATED-GOLD,Gold,57930,spectra/specs_ms.pklbin,lib-00023.mgf,0.71265,BILELIB19,44536.8,270.908,2.39024,14,0.00100708,421.331,421.332,1,spectra/specs_ms.pklbin57930,1,,0,0,C26H46O5,PBXYLMVLLSYZLN-ILLINABOSA-N,PBXYLMVLLSYZLN,Lipids and lipid-like molecules,Steroids and steroid derivatives,"Bile acids, alcohols and derivatives",Steroids,Cholane steroids|Cholestane steroids,Terpenoids
CCMSLIB00003137151,Spectral Match to Cholic acid from NIST14,426.321,408.288,ESI,QQQ,Isolated,Data from Joshua Wollam,Data deposited by fevargas,M+NH4,1,81254,N/A,C[C@H](CCC(=O)O)[C@H]1CC[C@@H]2[C@@]1([C@H](C[C@H]3[C@H]2[C@@H](C[C@H]4[C@@]3(CC[C@H](C4)O)C)O)O)C,"InChI=1S/C24H40O5/c1-13(4-7-21(28)29)16-5-6-17-22-18(12-20(27)24(16,17)3)23(2)9-8-15(25)10-14(23)11-19(22)26/h13-20,22,25-27H,4-12H2,1-3H3,(H,28,29)/t13-,14+,15-,16-,17+,18+,19-,20+,22+,23+,24-/m1/s1",N/A,3,Positive,UPDATE-SINGLE-ANNOTATED-BRONZE,Bronze,59124,spectra/specs_ms.pklbin,lib-00017.mgf,0.974369,GNPS-NIST14-MATCHES,157448,198.074,0,19,0,426.321,426.321,1,spectra/specs_ms.pklbin59124,1,,172,16159,C24H40O5,BHQCQFFYRZLCQQ-OELDTZBJSA-N,BHQCQFFYRZLCQQ,Lipids and lipid-like molecules,Steroids and steroid derivatives,"Bile acids, alcohols and derivatives",Steroids,Cholane steroids,Terpenoids
CCMSLIB00005435515,glycocholic acid,430.295,465.309,ESI,Orbitrap,commercial,Dorrestein,A. Jarmusch,M-2(H2O)+H,1,475-31-0,N/A,C[C@H](CCC(=O)NCC(=O)O)[C@H]1CC[C@@H]2[C@@]1([C@H](C[C@H]3[C@H]2[C@@H](C[C@H]4[C@@]3(CC[C@H](C4)O)C)O)O)C,"1S/C26H43NO6/c1-14(4-7-22(31)27-13-23(32)33)17-5-6-18-24-19(12-21(30)26(17,18)3)25(2)9-8-16(28)10-15(25)11-20(24)29/h14-21,24,28-30H,4-13H2,1-3H3,(H,27,31)(H,32,33)/t14?,15-,16+,17+,18-,19-,20+,21-,24-,25?,26?/m0/s1",N/A,1,Positive,UPDATE-SINGLE-ANNOTATED-GOLD,Gold,60081,spectra/specs_ms.pklbin,lib-00023.mgf,0.900148,BILELIB19,41133.3,181.371,2.34044,17,0.00100708,430.295,430.294,1,spectra/specs_ms.pklbin60081,1,,0,0,C26H43NO6,RFDAIACWWDREDC-FRVQLJSFSA-N,RFDAIACWWDREDC,Lipids and lipid-like molecules,Steroids and steroid derivatives,"Bile acids, alcohols and derivatives",Steroids,Cholane steroids,Terpenoids
CCMSLIB00005464545,GLYCOCHENODEOXYCHOLATE,432.31,449.314,ESI,Orbitrap,Commercial,Dorrestein,Kelly Weldon,M-H2O+H,1,16564-43-5,N/A,CC(CCC(=O)NCC(=O)O)C1CCC2C1(CCC3C2C(CC4C3(CCC(C4)O)C)O)C,"""InChI=1S/C26H43NO5/c1-15(4-7-22(30)27-14-23(31)32)18-5-6-19-24-20(9-11-26(18,19)3)25(2)10-8-17(28)12-16(25)13-21(24)29/h15-21,24,28-29H,4-14H2,1-3H3,(H,27,30)(H,31,32)""",N/A,1,Positive,UPDATE-SINGLE-ANNOTATED-GOLD,Gold,60838,spectra/specs_ms.pklbin,lib-00029.mgf,0.822702,GNPS-MSMLS,106618,179.88,2.32953,15,0.00100708,432.31,432.311,1,spectra/specs_ms.pklbin60838,1,,0,0,C26H43NO5,GHCZAUBVMUEKKP-UHFFFAOYSA-N,GHCZAUBVMUEKKP,Lipids and lipid-like molecules,Steroids and steroid derivatives,"Bile acids, alcohols and derivatives",Steroids,Cholane steroids,Terpenoids
CCMSLIB00005738734,"Massbank:RP007303 Glycolithocholic acid|AC1N3NBH|2-[4-(3-hydroxy-10,13-dimethyl-2,3,4,5,6,7,8,9,11,12,14,15,16,17-tetradecahydro-1H-cyclopenta[a]phenanthren-17-yl)pentanoylamino]acetic acid",434.327,0,ESI,qTof,Isolated,Massbank,Massbank,M+H,1,474-74-8,N/A,CC(CCC(=O)NCC(=O)O)C1CCC2C1(CCC3C2CCC4C3(CCC(C4)O)C)C,"1S/C26H43NO4/c1-16(4-9-23(29)27-15-24(30)31)20-7-8-21-19-6-5-17-14-18(28)10-12-25(17,2)22(19)11-13-26(20,21)3/h16-22,28H,4-15H2,1-3H3,(H,27,29)(H,30,31)",N/A,3,Positive,UPDATE-SINGLE-ANNOTATED-BRONZE,Bronze,61144,spectra/specs_ms.pklbin,lib-00046.mgf,0.760629,MASSBANK,1764.93,293.78,2.31871,13,0.00100708,434.327,434.326,1,spectra/specs_ms.pklbin61144,1,,0,0,C26H43NO4,XBSQTYHEGZTYJE-UHFFFAOYSA-N,XBSQTYHEGZTYJE,Lipids and lipid-like molecules,Steroids and steroid derivatives,"Bile acids, alcohols and derivatives",Steroids,Cholane steroids,Terpenoids
CCMSLIB00005464929,"""(3R,5S,7R,8R,9S,10S,12S,13R,14S,17R)-17-((2R)-6,7-dihydroxy-6-methylheptan-2-yl)-10,13-dimethylhexadecahydro-1H-cyclopenta[a]phenanthrene-3,7,12-triol""",435.346,452.35,ESI,qTof,crude,Dorrestein,Emily Gentry,M-H2O+H,1,,,C[C@@H]([C@H]1CC[C@]2([H])[C@]1(C)[C@@H](O)C[C@@]3([H])[C@@]2([H])[C@H](O)C[C@@]4([H])[C@]3(C)CC[C@@H](O)C4)CCCC(O)(C)CO,"""InChI=1S/C27H48O5/c1-16(6-5-10-25(2,32)15-28)19-7-8-20-24-21(14-23(31)27(19,20)4)26(3)11-9-18(29)12-17(26)13-22(24)30/h16-24,28-32H,5-15H2,1-4H3/t16-,17+,18-,19-,20+,21+,22-,23+,24+,25?,26+,27-/m1/s1""",N/A,1,Positive,UPDATE-SINGLE-ANNOTATED-GOLD,Gold,61453,spectra/specs_ms.pklbin,lib-00023.mgf,0.770989,BILELIB19,50319.3,279.977,2.24319,15,0.000976562,435.346,435.347,1,spectra/specs_ms.pklbin61453,1,,0,0,C27H48O5,XZDHXPDYLPEFQI-FIMPYCPFSA-N,XZDHXPDYLPEFQI,Lipids and lipid-like molecules,Steroids and steroid derivatives,"Bile acids, alcohols and derivatives",Steroids,Cholane steroids|Cholestane steroids,Terpenoids
CCMSLIB00005464592,GLYCOCHOLATE,448.305,465.309,ESI,Orbitrap,Commercial,Dorrestein,Kelly Weldon,M-H2O+H,1,475-31-0,N/A,[H][C@@]12CC[C@H]([C@H](C)CCC(=O)NCC(O)=O)[C@@]1(C)[C@@H](O)C[C@@]1([H])[C@@]2([H])[C@H](O)CC2C[C@H](O)CC[C@]12C,"""InChI=1S/C26H43NO6/c1-14(4-7-22(31)27-13-23(32)33)17-5-6-18-24-19(12-21(30)26(17,18)3)25(2)9-8-16(28)10-15(25)11-20(24)29/h14-21,24,28-30H,4-13H2,1-3H3,(H,27,31)(H,32,33)/t14-,15?,16-,17-,18+,19+,20-,21+,24+,25+,26-/m1/s1""",N/A,1,Positive,UPDATE-SINGLE-ANNOTATED-GOLD,Gold,65387,spectra/specs_ms.pklbin,lib-00029.mgf,0.853875,GNPS-MSMLS,71958.9,179.022,2.24642,16,0.00100708,448.305,448.306,1,spectra/specs_ms.pklbin65387,1,,1,12,C26H43NO6,RFDAIACWWDREDC-MZMBZMQMSA-N,RFDAIACWWDREDC,Lipids and lipid-like molecules,Steroids and steroid derivatives,"Bile acids, alcohols and derivatives",Steroids,Cholane steroids,Terpenoids
CCMSLIB00006680045,GLYCOCHENODEOXYCHOLIC ACID,450.321,0,ESI,Orbitrap,isolated,MoNA,MoNA:MoNA037271,M+H,1,N/A,N/A,C[C@H](CC/C(=N/CC(=O)O)/O)[C@H]1CC[C@H]2[C@H]3[C@H](CC[C@]12C)[C@@]4(C)CC[C@H](C[C@H]4C[C@H]3O)O,"""InChI=1S/C26H43NO5/c1-15(4-7-22(30)27-14-23(31)32)18-5-6-19-24-20(9-11-26(18,19)3)25(2)10-8-17(28)12-16(25)13-21(24)29/h15-21,24,28-29H,4-14H2,1-3H3,(H,27,30)(H,31,32)/t15-,16+,17-,18-,19+,20+,21-,24+,25+,26-/m1/s1""",N/A,3,positive,UPDATE-SINGLE-ANNOTATED-BRONZE,Bronze,65827,spectra/specs_ms.pklbin,lib-00003.mgf,0.878775,MONA,75890.4,200.576,0,13,0,450.321,450.321,1,spectra/specs_ms.pklbin65827,1,,34,2790,C26H43NO5,GHCZAUBVMUEKKP-GYPHWSFCSA-N,GHCZAUBVMUEKKP,Lipids and lipid-like molecules,Steroids and steroid derivatives,"Bile acids, alcohols and derivatives",Steroids,Cholane steroids|Cholestane steroids,Terpenoids
CCMSLIB00005435564,taurocholic acid,462.266,515.292,ESI,Orbitrap,commercial,Dorrestein,A. Jarmusch,M-3H2O+H,1,?81-24-3,N/A,C[C@H](CCC(=O)NCCS(=O)(=O)O)[C@H]1CC[C@@H]2[C@@]1([C@H](C[C@H]3[C@H]2[C@@H](C[C@H]4[C@@]3(CC[C@H](C4)O)C)O)O)C,"1S/C26H45NO7S/c1-15(4-7-23(31)27-10-11-35(32,33)34)18-5-6-19-24-20(14-22(30)26(18,19)3)25(2)9-8-17(28)12-16(25)13-21(24)29/h15-22,24,28-30H,4-14H2,1-3H3,(H,27,31)(H,32,33,34)/t15?,16-,17+,18+,19-,20-,21+,22-,24-,25?,26?/m0/s1",N/A,1,Positive,UPDATE-SINGLE-ANNOTATED-GOLD,Gold,68377,spectra/specs_ms.pklbin,lib-00023.mgf,0.875841,BILELIB19,53345.5,150.829,4.35715,13,0.00201416,462.266,462.268,1,spectra/specs_ms.pklbin68377,1,,0,0,C26H45NO7S,WBWWGRHZICKQGZ-HZAMXZRMSA-N,WBWWGRHZICKQGZ,Lipids and lipid-like molecules,Steroids and steroid derivatives,"Bile acids, alcohols and derivatives",Steroids,Cholane steroids,Terpenoids
CCMSLIB00005435583,taurohyodeoxycholic acid,464.283,499.297,ESI,Orbitrap,commercial,Dorrestein,A. Jarmusch,M-2H2O+H,1,2958-04-05,N/A,C[C@H](CCC(=O)NCCS(=O)(=O)O)[C@H]1CC[C@@H]2[C@@]1(CC[C@H]3[C@H]2C[C@@H]([C@H]4[C@@]3(CC[C@H](C4)O)C)O)C,"1S/C26H45NO6S/c1-16(4-7-24(30)27-12-13-34(31,32)33)19-5-6-20-18-15-23(29)22-14-17(28)8-10-26(22,3)21(18)9-11-25(19,20)2/h16-23,28-29H,4-15H2,1-3H3,(H,27,30)(H,31,32,33)/t16?,17-,18+,19-,20+,21+,22+,23+,25?,26?/m1/s1",N/A,1,Positive,UPDATE-SINGLE-ANNOTATED-GOLD,Gold,68738,spectra/specs_ms.pklbin,lib-00023.mgf,0.857664,BILELIB19,189784,159.116,2.16911,13,0.00100708,464.283,464.284,1,spectra/specs_ms.pklbin68738,1,,0,0,C26H45NO6S,HMXPOCDLAFAFNT-BHYUGXBJSA-N,HMXPOCDLAFAFNT,Lipids and lipid-like molecules,Steroids and steroid derivatives,"Bile acids, alcohols and derivatives",Steroids,Cholane steroids,Terpenoids
CCMSLIB00006702202,Taurolithocholate,466.299,0,LC-ESI,Orbitrap,commercial,Trent Northen,JGI:208885,M+H-H2O,1,N/A,N/A,CC(CCC(O)=NCCS(=O)(=O)O)C1CCC2C3CCC4CC(O)CCC4(C)C3CCC12C,"InChI=1S/C26H45NO5S/c1-17(4-9-24(29)27-14-15-33(30,31)32)21-7-8-22-20-6-5-18-16-19(28)10-12-25(18,2)23(20)11-13-26(21,22)3/h17-23,28H,4-16H2,1-3H3,(H,27,29)(H,30,31,32)/t17-,18-,19-,20+,21-,22+,23+,25+,26-/m1/s1",N/A,3,Positive,UPDATE-SINGLE-ANNOTATED-BRONZE,Bronze,69240,spectra/specs_ms.pklbin,lib-00011.mgf,0.880572,BERKELEY-LAB,16717.9,187.037,0.981697,13,0.000457764,466.299,466.299,1,spectra/specs_ms.pklbin69240,1,,0,0,C26H45NO5S,QBYUNVOYXHFVKC-UHFFFAOYSA-N,QBYUNVOYXHFVKC,Lipids and lipid-like molecules,Steroids and steroid derivatives,"Bile acids, alcohols and derivatives",Steroids,Cholane steroids|Cholestane steroids,Terpenoids
CCMSLIB00003139073,Spectral Match to Glycocholic acid from NIST14,466.316,465.309,ESI,qTof,Isolated,Data from Joshua Wollam,Data deposited by fevargas,M+H,1,475310,N/A,C[C@H](CCC(=O)NCC(=O)O)[C@H]1CC[C@@H]2[C@@]1([C@H](C[C@H]3[C@H]2[C@@H](C[C@H]4[C@@]3(CC[C@H](C4)O)C)O)O)C,"InChI=1S/C26H43NO6/c1-14(4-7-22(31)27-13-23(32)33)17-5-6-18-24-19(12-21(30)26(17,18)3)25(2)9-8-16(28)10-15(25)11-20(24)29/h14-21,24,28-30H,4-13H2,1-3H3,(H,27,31)(H,32,33)/t14-,15+,16-,17-,18+,19+,20-,21+,24+,25+,26-/m1/s1",N/A,3,Positive,UPDATE-SINGLE-ANNOTATED-BRONZE,Bronze,69253,spectra/specs_ms.pklbin,lib-00017.mgf,0.952492,GNPS-NIST14-MATCHES,133706,181.042,0,23,0,466.316,466.316,1,spectra/specs_ms.pklbin69253,1,,107,9398,C26H43NO6,RFDAIACWWDREDC-FRVQLJSFSA-N,RFDAIACWWDREDC,Lipids and lipid-like molecules,Steroids and steroid derivatives,"Bile acids, alcohols and derivatives",Steroids,Cholane steroids,Terpenoids
CCMSLIB00005435563,taurocholic acid,480.279,515.292,ESI,Orbitrap,commercial,Dorrestein,A. Jarmusch,M-2H2O+H,1,?81-24-3,N/A,C[C@H](CCC(=O)NCCS(=O)(=O)O)[C@H]1CC[C@@H]2[C@@]1([C@H](C[C@H]3[C@H]2[C@@H](C[C@H]4[C@@]3(CC[C@H](C4)O)C)O)O)C,"1S/C26H45NO7S/c1-15(4-7-23(31)27-10-11-35(32,33)34)18-5-6-19-24-20(14-22(30)26(18,19)3)25(2)9-8-17(28)12-16(25)13-21(24)29/h15-22,24,28-30H,4-14H2,1-3H3,(H,27,31)(H,32,33,34)/t15?,16-,17+,18+,19-,20-,21+,22-,24-,25?,26?/m0/s1",N/A,1,Positive,UPDATE-SINGLE-ANNOTATED-GOLD,Gold,72445,spectra/specs_ms.pklbin,lib-00023.mgf,0.812796,BILELIB19,68812.3,166.268,2.03332,14,0.000976562,480.279,480.278,1,spectra/specs_ms.pklbin72445,1,,0,0,C26H45NO7S,WBWWGRHZICKQGZ-HZAMXZRMSA-N,WBWWGRHZICKQGZ,Lipids and lipid-like molecules,Steroids and steroid derivatives,"Bile acids, alcohols and derivatives",Steroids,Cholane steroids,Terpenoids
CCMSLIB00006582244,Ala-CA,480.332,479.325,ESI,Orbitrap,Crude,Dorrestein,Emily Gentry,M+H,1,,,C[C@H](CCC(N[C@H](C(O)=O)C)=O)[C@H]1CC[C@@]2([H])[C@]3([H])[C@H](O)C[C@]4([H])C[C@H](O)CC[C@]4(C)[C@H]3C[C@H](O)[C@@]21C,"InChI=1S/C27H45NO6/c1-14(5-8-23(32)28-15(2)25(33)34)18-6-7-19-24-20(13-22(31)27(18,19)4)26(3)10-9-17(29)11-16(26)12-21(24)30/h14-22,24,29-31H,5-13H2,1-4H3,(H,28,32)(H,33,34)/t14-,15?,16+,17-,18-,19+,20+,21-,22+,24+,26+,27-/m1/s1",N/A,2,Positive,UPDATE-SINGLE-ANNOTATED-SILVER,Silver,72494,spectra/specs_ms.pklbin,lib-00023.mgf,0.861751,BILELIB19,20198.5,276.717,0,13,0,480.332,480.332,1,spectra/specs_ms.pklbin72494,1,,0,0,C27H45NO6,AZWGEBXBDOIOHW-OKVQJXITSA-N,AZWGEBXBDOIOHW,Lipids and lipid-like molecules,Steroids and steroid derivatives,"Bile acids, alcohols and derivatives",Steroids,Cholane steroids,Terpenoids
CCMSLIB00005435582,taurohyodeoxycholic acid,482.294,499.297,ESI,Orbitrap,commercial,Dorrestein,A. Jarmusch,M-H2O+H,1,2958-04-05,N/A,C[C@H](CCC(=O)NCCS(=O)(=O)O)[C@H]1CC[C@@H]2[C@@]1(CC[C@H]3[C@H]2C[C@@H]([C@H]4[C@@]3(CC[C@H](C4)O)C)O)C,"1S/C26H45NO6S/c1-16(4-7-24(30)27-12-13-34(31,32)33)19-5-6-20-18-15-23(29)22-14-17(28)8-10-26(22,3)21(18)9-11-25(19,20)2/h16-23,28-29H,4-15H2,1-3H3,(H,27,30)(H,31,32,33)/t16?,17-,18+,19-,20+,21+,22+,23+,25?,26?/m1/s1",N/A,1,Positive,UPDATE-SINGLE-ANNOTATED-GOLD,Gold,73129,spectra/specs_ms.pklbin,lib-00023.mgf,0.849481,BILELIB19,72525.9,181.587,2.0881,13,0.00100708,482.294,482.293,1,spectra/specs_ms.pklbin73129,1,,0,0,C26H45NO6S,HMXPOCDLAFAFNT-BHYUGXBJSA-N,HMXPOCDLAFAFNT,Lipids and lipid-like molecules,Steroids and steroid derivatives,"Bile acids, alcohols and derivatives",Steroids,Cholane steroids,Terpenoids
CCMSLIB00005465787,"""2-((4R)-4-((5R,7R,8R,9S,10S,12S,13R,17R)-7,12-dihydroxy-10,13-dimethyl-3-oxohexadecahydro-1H-cyclopenta[a]phenanthren-17-yl)pentanamido)ethane-1-sulfonic acid""",496.272,513.276,ESI,qTof,crude,Dorrestein,Emily Gentry,M-H2O+H,1,,,C[C@@H]([C@H]1CCC2[C@]1(C)[C@@H](O)C[C@@]3([H])[C@@]2([H])[C@H](O)C[C@@]4([H])[C@]3(C)CCC(C4)=O)CCC(NCCS(=O)(O)=O)=O,"""InChI=1S/C26H43NO7S/c1-15(4-7-23(31)27-10-11-35(32,33)34)18-5-6-19-24-20(14-22(30)26(18,19)3)25(2)9-8-17(28)12-16(25)13-21(24)29/h15-16,18-22,24,29-30H,4-14H2,1-3H3,(H,27,31)(H,32,33,34)/t15-,16+,18-,19?,20+,21-,22+,24+,25+,26-/m1/s1""",N/A,1,Positive,UPDATE-SINGLE-ANNOTATED-GOLD,Gold,76132,spectra/specs_ms.pklbin,lib-00023.mgf,0.725954,BILELIB19,10205,161.256,0,13,0,496.272,496.272,1,spectra/specs_ms.pklbin76132,1,,0,0,C26H43NO7S,VOUKAYFXXSUOGA-SISNUXOHSA-N,VOUKAYFXXSUOGA,Lipids and lipid-like molecules,Steroids and steroid derivatives,"Bile acids, alcohols and derivatives",Steroids,Cholane steroids,Terpenoids
CCMSLIB00005435562,taurocholic acid,498.287,515.292,ESI,Orbitrap,commercial,Dorrestein,A. Jarmusch,M-H2O+H,1,?81-24-3,N/A,C[C@H](CCC(=O)NCCS(=O)(=O)O)[C@H]1CC[C@@H]2[C@@]1([C@H](C[C@H]3[C@H]2[C@@H](C[C@H]4[C@@]3(CC[C@H](C4)O)C)O)O)C,"1S/C26H45NO7S/c1-15(4-7-23(31)27-10-11-35(32,33)34)18-5-6-19-24-20(14-22(30)26(18,19)3)25(2)9-8-17(28)12-16(25)13-21(24)29/h15-22,24,28-30H,4-14H2,1-3H3,(H,27,31)(H,32,33,34)/t15?,16-,17+,18+,19-,20-,21+,22-,24-,25?,26?/m0/s1",N/A,1,Positive,UPDATE-SINGLE-ANNOTATED-GOLD,Gold,76516,spectra/specs_ms.pklbin,lib-00023.mgf,0.850393,BILELIB19,100215,155.928,4.04217,16,0.00201416,498.287,498.289,1,spectra/specs_ms.pklbin76516,1,,0,0,C26H45NO7S,WBWWGRHZICKQGZ-HZAMXZRMSA-N,WBWWGRHZICKQGZ,Lipids and lipid-like molecules,Steroids and steroid derivatives,"Bile acids, alcohols and derivatives",Steroids,Cholane steroids,Terpenoids
CCMSLIB00003138870,Spectral Match to Tauroursodeoxycholic acid from NIST14,500.304,499.297,ESI,qTof,Isolated,Data from Joshua Wollam,Data deposited by fevargas,M+H,1,14605222,N/A,C[C@H](CCC(=O)NCCS(=O)(=O)O)[C@H]1CC[C@@H]2[C@@]1(CC[C@H]3[C@H]2[C@H](C[C@H]4[C@@]3(CC[C@H](C4)O)C)O)C,"InChI=1S/C26H45NO6S/c1-16(4-7-23(30)27-12-13-34(31,32)33)19-5-6-20-24-21(9-11-26(19,20)3)25(2)10-8-18(28)14-17(25)15-22(24)29/h16-22,24,28-29H,4-15H2,1-3H3,(H,27,30)(H,31,32,33)/t16-,17+,18-,19-,20+,21+,22+,24+,25+,26-/m1/s1",N/A,3,Positive,UPDATE-SINGLE-ANNOTATED-BRONZE,Bronze,76875,spectra/specs_ms.pklbin,lib-00017.mgf,0.798821,GNPS-NIST14-MATCHES,70939.2,183.24,0,17,0,500.304,500.304,1,spectra/specs_ms.pklbin76875,1,,80,4651,C26H45NO6S,BHTRKEVKTKCXOH-LBSADWJPSA-N,BHTRKEVKTKCXOH,Lipids and lipid-like molecules,Steroids and steroid derivatives,"Bile acids, alcohols and derivatives",Steroids,Cholane steroids,Terpenoids
CCMSLIB00006582034,Glu-CDCA,504.331,521.335,ESI,Orbitrap,Crude,Dorrestein,Emily Gentry,M-H2O+H,1,,,C[C@H](CCC(N[C@H](C(O)=O)CCC(O)=O)=O)[C@H]1CC[C@@]2([H])[C@]3([H])[C@H](O)C[C@]4([H])C[C@H](O)CC[C@]4(C)[C@H]3CC[C@@]21C,"InChI=1S/C29H47NO7/c1-16(4-8-24(33)30-22(27(36)37)7-9-25(34)35)19-5-6-20-26-21(11-13-29(19,20)3)28(2)12-10-18(31)14-17(28)15-23(26)32/h16-23,26,31-32H,4-15H2,1-3H3,(H,30,33)(H,34,35)(H,36,37)/t16-,17+,18-,19-,20+,21+,22?,23-,26+,28+,29-/m1/s1",N/A,2,Positive,UPDATE-SINGLE-ANNOTATED-SILVER,Silver,77663,spectra/specs_ms.pklbin,lib-00023.mgf,0.906942,BILELIB19,1922.79,299.92,1.99686,13,0.00100708,504.331,504.332,1,spectra/specs_ms.pklbin77663,1,,0,0,C29H47NO7,MHOZNCAVRHAOKT-BIJSRRLCSA-N,MHOZNCAVRHAOKT,Lipids and lipid-like molecules,Steroids and steroid derivatives,"Bile acids, alcohols and derivatives",Steroids,Cholane steroids,Terpenoids
CCMSLIB00005467951,Leucine conjugated chenodeoxycholic acid putative,506.385,0,LC-ESI,Orbitrap,Crude,Dorrestein,lfnothias,M+H,1, , ,C[CH](CCC(N[CH](CC(C)C)C(O)=O)=O)[CH]1CC[C]2([H])[C]3([H])[CH](O)C[C]4([H])C[CH](O)CC[C]4(C)[CH]3CC[C]21C,"InChI=1S/C30H51NO5/c1-17(2)14-24(28(35)36)31-26(34)9-6-18(3)21-7-8-22-27-23(11-13-30(21,22)5)29(4)12-10-20(32)15-19(29)16-25(27)33/h17-25,27,32-33H,6-16H2,1-5H3,(H,31,34)(H,35,36)", ,3,Positive,UPDATE-SINGLE-ANNOTATED-BRONZE,Bronze,78210,spectra/specs_ms.pklbin,lib-00042.mgf,0.934078,GNPS-LIBRARY,5572.11,303.064,1.98876,16,0.00100708,506.385,506.384,1,spectra/specs_ms.pklbin78210,1,,0,0,C30H51NO5,BAOWHAJSJGJSBV-UHFFFAOYSA-N,BAOWHAJSJGJSBV,Lipids and lipid-like molecules,Steroids and steroid derivatives,"Bile acids, alcohols and derivatives",Steroids,Cholane steroids|Cholestane steroids,Terpenoids
CCMSLIB00005465244,"""(4R)-4-((3R,5R,7R,9S,10S,12S,13R,14S,17R)-7,12-dihydroxy-10,13-dimethyl-3-(sulfooxy)hexadecahydro-1H-cyclopenta[a]phenanthren-17-yl)pentanoic acid""",511.234,488.244,ESI,qTof,crude,Dorrestein,Emily Gentry,M+Na,1,,,[H][C@@]1([C@H](O)C[C@H]2[C@]3(C)CC[C@@H](OS(=O)(O)=O)C2)[C@@H]3C[C@H](O)[C@@]4(C)[C@H]1CC[C@@H]4[C@@H](CCC(O)=O)C,"""InChI=1S/C24H40O8S/c1-13(4-7-21(27)28)16-5-6-17-22-18(12-20(26)24(16,17)3)23(2)9-8-15(32-33(29,30)31)10-14(23)11-19(22)25/h13-20,22,25-26H,4-12H2,1-3H3,(H,27,28)(H,29,30,31)/t13-,14+,15-,16-,17+,18+,19-,20+,22+,23+,24-/m1/s1""",N/A,1,Positive,UPDATE-SINGLE-ANNOTATED-GOLD,Gold,79137,spectra/specs_ms.pklbin,lib-00023.mgf,0.738336,BILELIB19,15503.8,259.845,1.9699,8,0.00100708,511.234,511.233,1,spectra/specs_ms.pklbin79137,1,,0,0,C24H40O8S,AUVYDCOKXDDYKR-OELDTZBJSA-N,AUVYDCOKXDDYKR,Lipids and lipid-like molecules,Steroids and steroid derivatives,"Bile acids, alcohols and derivatives",Steroids,Cholane steroids,Terpenoids
CCMSLIB00005465786,"""2-((4R)-4-((5R,7R,8R,9S,10S,12S,13R,17R)-7,12-dihydroxy-10,13-dimethyl-3-oxohexadecahydro-1H-cyclopenta[a]phenanthren-17-yl)pentanamido)ethane-1-sulfonic acid""",514.283,513.276,ESI,qTof,crude,Dorrestein,Emily Gentry,M+H,1,,,C[C@@H]([C@H]1CCC2[C@]1(C)[C@@H](O)C[C@@]3([H])[C@@]2([H])[C@H](O)C[C@@]4([H])[C@]3(C)CCC(C4)=O)CCC(NCCS(=O)(O)=O)=O,"""InChI=1S/C26H43NO7S/c1-15(4-7-23(31)27-10-11-35(32,33)34)18-5-6-19-24-20(14-22(30)26(18,19)3)25(2)9-8-17(28)12-16(25)13-21(24)29/h15-16,18-22,24,29-30H,4-14H2,1-3H3,(H,27,31)(H,32,33,34)/t15-,16+,18-,19?,20+,21-,22+,24+,25+,26-/m1/s1""",N/A,1,Positive,UPDATE-SINGLE-ANNOTATED-GOLD,Gold,80186,spectra/specs_ms.pklbin,lib-00023.mgf,0.806578,BILELIB19,40840,153.377,1.89888,15,0.000976562,514.283,514.284,1,spectra/specs_ms.pklbin80186,1,,0,0,C26H43NO7S,VOUKAYFXXSUOGA-SISNUXOHSA-N,VOUKAYFXXSUOGA,Lipids and lipid-like molecules,Steroids and steroid derivatives,"Bile acids, alcohols and derivatives",Steroids,Cholane steroids,Terpenoids
CCMSLIB00003139053,Spectral Match to Taurocholic acid from NIST14,516.299,515.292,ESI,qTof,Isolated,Data from Joshua Wollam,Data deposited by fevargas,M+H,1,81243,N/A,C[C@H](CCC(=O)NCCS(=O)(=O)O)[C@H]1CC[C@@H]2[C@@]1([C@H](C[C@H]3[C@H]2[C@@H](C[C@H]4[C@@]3(CC[C@H](C4)O)C)O)O)C,"InChI=1S/C26H45NO7S/c1-15(4-7-23(31)27-10-11-35(32,33)34)18-5-6-19-24-20(14-22(30)26(18,19)3)25(2)9-8-17(28)12-16(25)13-21(24)29/h15-22,24,28-30H,4-14H2,1-3H3,(H,27,31)(H,32,33,34)/t15-,16+,17-,18-,19+,20+,21-,22+,24+,25+,26-/m1/s1",N/A,3,Positive,UPDATE-SINGLE-ANNOTATED-BRONZE,Bronze,80464,spectra/specs_ms.pklbin,lib-00017.mgf,0.893742,GNPS-NIST14-MATCHES,111639,148.645,2.00968,20,1030.58,516.299,516.298,3,spectra/specs_ms.pklbin80464,1,,101,8031,C26H45NO7S,WBWWGRHZICKQGZ-HZAMXZRMSA-N,WBWWGRHZICKQGZ,Lipids and lipid-like molecules,Steroids and steroid derivatives,"Bile acids, alcohols and derivatives",Steroids,Cholane steroids,Terpenoids
CCMSLIB00006680044,TAUROURSODEOXYCHOLIC ACID,517.331,0,ESI,Orbitrap,isolated,MoNA,MoNA:MoNA038724,M+NH4,1,N/A,N/A,C[C@H](CC/C(=N/CCS(=O)(=O)O)/O)[C@H]1CC[C@H]2[C@H]3[C@H](CC[C@]12C)[C@@]4(C)CC[C@H](C[C@H]4C[C@@H]3O)O,"""InChI=1S/C26H45NO6S/c1-16(4-7-23(30)27-12-13-34(31,32)33)19-5-6-20-24-21(9-11-26(19,20)3)25(2)10-8-18(28)14-17(25)15-22(24)29/h16-22,24,28-29H,4-15H2,1-3H3,(H,27,30)(H,31,32,33)/t16-,17+,18-,19-,20+,21+,22+,24+,25+,26-/m1/s1""",N/A,3,positive,UPDATE-SINGLE-ANNOTATED-BRONZE,Bronze,80717,spectra/specs_ms.pklbin,lib-00003.mgf,0.901866,MONA,66312.8,182.903,1.88769,19,0.000976562,517.331,517.33,1,spectra/specs_ms.pklbin80717,1,,0,0,C26H45NO6S,BHTRKEVKTKCXOH-LBSADWJPSA-N,BHTRKEVKTKCXOH,Lipids and lipid-like molecules,Steroids and steroid derivatives,"Bile acids, alcohols and derivatives",Steroids,Cholane steroids|Cholestane steroids,Terpenoids
CCMSLIB00005465692,"""2-((R)-4-((3S,5S,7S,8R,9S,10S,13R,14S,17R)-3,7-dihydroxy-10,13-dimethylhexadecahydro-1H-cyclopenta[a]phenanthren-17-yl)pentanamido)ethane-1-sulfonic acid""",522.286,499.297,ESI,qTof,crude,Dorrestein,Emily Gentry,M+Na,1,,,C[C@@H]([C@H]1CC[C@]2([H])[C@]1(C)CC[C@@]3([H])[C@@]2([H])[C@@H](O)C[C@@]4([H])[C@]3(C)CC[C@H](O)C4)CCC(NCCS(=O)(O)=O)=O,"""InChI=1S/C26H45NO6S/c1-16(4-7-23(30)27-12-13-34(31,32)33)19-5-6-20-24-21(9-11-26(19,20)3)25(2)10-8-18(28)14-17(25)15-22(24)29/h16-22,24,28-29H,4-15H2,1-3H3,(H,27,30)(H,31,32,33)/t16-,17+,18+,19-,20+,21+,22+,24+,25+,26-/m1/s1""",N/A,1,Positive,UPDATE-SINGLE-ANNOTATED-GOLD,Gold,81671,spectra/specs_ms.pklbin,lib-00023.mgf,0.829359,BILELIB19,47744.9,184.244,1.98665,9,0.0010376,522.286,522.285,1,spectra/specs_ms.pklbin81671,1,,0,0,C26H45NO6S,BHTRKEVKTKCXOH-JHLFTUBESA-N,BHTRKEVKTKCXOH,Lipids and lipid-like molecules,Steroids and steroid derivatives,"Bile acids, alcohols and derivatives",Steroids,Cholane steroids,Terpenoids
CCMSLIB00006581978,Asn-CA,523.338,522.331,ESI,Orbitrap,Crude,Dorrestein,Emily Gentry,M+H,1,,,C[C@H](CCC(N[C@H](C(O)=O)CC(N)=O)=O)[C@H]1CC[C@@]2([H])[C@]3([H])[C@H](O)C[C@]4([H])C[C@H](O)CC[C@]4(C)[C@H]3C[C@H](O)[C@@]21C,"InChI=1S/C28H46N2O7/c1-14(4-7-24(35)30-20(26(36)37)13-23(29)34)17-5-6-18-25-19(12-22(33)28(17,18)3)27(2)9-8-16(31)10-15(27)11-21(25)32/h14-22,25,31-33H,4-13H2,1-3H3,(H2,29,34)(H,30,35)(H,36,37)/t14-,15+,16-,17-,18+,19+,20?,21-,22+,25+,27+,28-/m1/s1",N/A,2,Positive,UPDATE-SINGLE-ANNOTATED-SILVER,Silver,81987,spectra/specs_ms.pklbin,lib-00023.mgf,0.743071,BILELIB19,8957.77,223.801,0,13,0,523.338,523.338,1,spectra/specs_ms.pklbin81987,1,,0,0,C28H46N2O7,HKYRAGBVPCSLII-BPKLFREESA-N,HKYRAGBVPCSLII,Lipids and lipid-like molecules,Steroids and steroid derivatives,"Bile acids, alcohols and derivatives",Steroids,Cholane steroids,Terpenoids
CCMSLIB00005465066,"""(6R)-2-hydroxy-2-methyl-6-((3R,5S,7R,8R,9S,10S,12S,13R,14S,17R)-3,7,12-trihydroxy-10,13-dimethylhexadecahydro-1H-cyclopenta[a]phenanthren-17-yl)heptyl hydrogen sulfate""",533.314,532.307,ESI,qTof,crude,Dorrestein,Emily Gentry,M+H,1,,,O[C@@H](C1)CC[C@@]2(C)[C@]1([H])C[C@@H](O)[C@]3([H])[C@]2([H])C[C@H](O)[C@@]4(C)[C@@]3([H])CC[C@@]4([C@H](C)CCCC(O)(C)COS(=O)(O)=O)[H],"""InChI=1S/C27H48O8S/c1-16(6-5-10-25(2,31)15-35-36(32,33)34)19-7-8-20-24-21(14-23(30)27(19,20)4)26(3)11-9-18(28)12-17(26)13-22(24)29/h16-24,28-31H,5-15H2,1-4H3,(H,32,33,34)/t16?,17-,18+,19+,20-,21-,22+,23-,24-,25?,26?,27?/m0/s1""",N/A,1,Positive,UPDATE-SINGLE-ANNOTATED-GOLD,Gold,83921,spectra/specs_ms.pklbin,lib-00023.mgf,0.74498,BILELIB19,2693.49,269.55,0,15,0,533.314,533.314,1,spectra/specs_ms.pklbin83921,1,,0,0,C27H48O8S,UTBBBXZUPUXYGZ-FIMPYCPFSA-N,UTBBBXZUPUXYGZ,Lipids and lipid-like molecules,Steroids and steroid derivatives,"Bile acids, alcohols and derivatives",Steroids,Cholestane steroids,Terpenoids
CCMSLIB00006680127,TAUROCHOLIC ACID,533.326,0,ESI,Orbitrap,isolated,MoNA,MoNA:MoNA038726,M+NH4,1,N/A,N/A,C[C@H](CC/C(=N/CCS(=O)(=O)O)/O)[C@H]1CC[C@H]2[C@H]3[C@H](C[C@@H]([C@]12C)O)[C@@]4(C)CC[C@H](C[C@H]4C[C@H]3O)O,"""InChI=1S/C26H45NO7S/c1-15(4-7-23(31)27-10-11-35(32,33)34)18-5-6-19-24-20(14-22(30)26(18,19)3)25(2)9-8-17(28)12-16(25)13-21(24)29/h15-22,24,28-30H,4-14H2,1-3H3,(H,27,31)(H,32,33,34)/t15-,16+,17-,18-,19+,20+,21-,22+,24+,25+,26-/m1/s1""",N/A,3,positive,UPDATE-SINGLE-ANNOTATED-BRONZE,Bronze,83926,spectra/specs_ms.pklbin,lib-00003.mgf,0.812204,MONA,101418,166.14,0,17,0,533.326,533.326,1,spectra/specs_ms.pklbin83926,1,,0,0,C26H45NO7S,WBWWGRHZICKQGZ-HZAMXZRMSA-N,WBWWGRHZICKQGZ,Lipids and lipid-like molecules,Steroids and steroid derivatives,"Bile acids, alcohols and derivatives",Steroids,Cholane steroids|Cholestane steroids,Terpenoids
CCMSLIB00005465984,Glutamine conjugated cholic acid,537.353,536.346,ESI,qToF,Synthetic,Dorrestein,Emily Gentry,M+H,1,,,C[C@H](CCC(N[C@@H](CCC(N)=O)C(O)=O)=O)[C@H]1CC[C@@]2([H])[C@]3([H])[C@H](O)C[C@]4([H])C[C@H](O)CC[C@]4(C)[C@H]3C[C@H](O)[C@@]21C,"""InChI=1S/C29H48N2O7/c1-15(4-9-25(36)31-21(27(37)38)7-8-24(30)35)18-5-6-19-26-20(14-23(34)29(18,19)3)28(2)11-10-17(32)12-16(28)13-22(26)33/h15-23,26,32-34H,4-14H2,1-3H3,(H2,30,35)(H,31,36)(H,37,38)/t15-,16+,17-,18-,19+,20+,21?,22-,23+,26+,28+,29-/m1/s1""",N/A,1,Positive,UPDATE-SINGLE-ANNOTATED-GOLD,Gold,84924,spectra/specs_ms.pklbin,lib-00023.mgf,0.76001,BILELIB19,18249.3,217.536,0,16,0,537.353,537.353,1,spectra/specs_ms.pklbin84924,1,,0,0,C29H48N2O7,CNGHUSPOYWEVTQ-OWWNDVJESA-N,CNGHUSPOYWEVTQ,Lipids and lipid-like molecules,Steroids and steroid derivatives,"Bile acids, alcohols and derivatives",Steroids,Cholane steroids,Terpenoids
CCMSLIB00006582391,Phe-DCA,540.368,539.361,ESI,Orbitrap,Crude,Dorrestein,Emily Gentry,M+H,1,,,C[C@H](CCC(N[C@H](C(O)=O)CC1=CC=CC=C1)=O)[C@H]2CC[C@@]3([H])[C@]4([H])CC[C@]5([H])C[C@H](O)CC[C@]5(C)[C@H]4C[C@H](O)[C@@]32C,"InChI=1S/C33H49NO5/c1-20(9-14-30(37)34-28(31(38)39)17-21-7-5-4-6-8-21)25-12-13-26-24-11-10-22-18-23(35)15-16-32(22,2)27(24)19-29(36)33(25,26)3/h4-8,20,22-29,35-36H,9-19H2,1-3H3,(H,34,37)(H,38,39)/t20-,22-,23-,24+,25-,26+,27+,28?,29+,32+,33-/m1/s1",N/A,2,Positive,UPDATE-SINGLE-ANNOTATED-SILVER,Silver,85464,spectra/specs_ms.pklbin,lib-00023.mgf,0.827277,BILELIB19,16545.6,362.205,1.92017,11,0.0010376,540.368,540.369,1,spectra/specs_ms.pklbin85464,1,,0,0,C33H49NO5,RFRCQJKUNLZBAM-SYIRRQCNSA-N,RFRCQJKUNLZBAM,Lipids and lipid-like molecules,Steroids and steroid derivatives,"Bile acids, alcohols and derivatives",Steroids,Cholane steroids,Terpenoids
CCMSLIB00006582261,His-CA,546.354,545.346,ESI,Orbitrap,Crude,Dorrestein,Emily Gentry,M+H,1,,,C[C@H](CCC(N[C@H](C(O)=O)CC1=CNC=N1)=O)[C@H]2CC[C@@]3([H])[C@]4([H])[C@H](O)C[C@]5([H])C[C@H](O)CC[C@]5(C)[C@H]4C[C@H](O)[C@@]32C,"InChI=1S/C30H47N3O6/c1-16(4-7-26(37)33-23(28(38)39)12-18-14-31-15-32-18)20-5-6-21-27-22(13-25(36)30(20,21)3)29(2)9-8-19(34)10-17(29)11-24(27)35/h14-17,19-25,27,34-36H,4-13H2,1-3H3,(H,31,32)(H,33,37)(H,38,39)/t16-,17+,19-,20-,21+,22+,23?,24-,25+,27+,29+,30-/m1/s1",N/A,2,Positive,UPDATE-SINGLE-ANNOTATED-SILVER,Silver,86477,spectra/specs_ms.pklbin,lib-00023.mgf,0.810347,BILELIB19,28899.3,203.914,1.78742,13,0.000976562,546.354,546.353,1,spectra/specs_ms.pklbin86477,1,,0,0,C30H47N3O6,GOBIDZCUVCOUAI-YJZFKLOMSA-N,GOBIDZCUVCOUAI,Lipids and lipid-like molecules,Steroids and steroid derivatives,"Bile acids, alcohols and derivatives",Steroids,Cholane steroids,Terpenoids
CCMSLIB00005467948,Tyrosine conjugated deoxycholic acid putative,556.364,0,LC-ESI,Orbitrap,Crude,Dorrestein,lfnothias,M+H-H2O,1, , ,[H]C12C(O)CC3CC(CCC3(C1CCC4(C2CCC4C(C)CCC(NC(C(O)=O)CC5=CC=C(C=C5)O)=O)C)C)O,"InChI=1S/C33H49NO6/c1-19(4-11-29(38)34-27(31(39)40)16-20-5-7-22(35)8-6-20)24-9-10-25-30-26(13-15-33(24,25)3)32(2)14-12-23(36)17-21(32)18-28(30)37/h5-8,19,21,23-28,30,35-37H,4,9-18H2,1-3H3,(H,34,38)(H,39,40)", ,3,Positive,UPDATE-SINGLE-ANNOTATED-BRONZE,Bronze,88718,spectra/specs_ms.pklbin,lib-00042.mgf,0.837189,GNPS-LIBRARY,7389.87,321.619,5.37548,13,0.00299072,556.364,556.367,1,spectra/specs_ms.pklbin88718,1,,0,0,C33H49NO6,GADRVMPNTDRMDU-UHFFFAOYSA-N,GADRVMPNTDRMDU,Lipids and lipid-like molecules,Steroids and steroid derivatives,"Bile acids, alcohols and derivatives",Steroids,Cholane steroids,Terpenoids
CCMSLIB00006582277,Phe-CA,556.363,555.356,ESI,Orbitrap,Crude,Dorrestein,Emily Gentry,M+H,1,,,C[C@H](CCC(N[C@H](C(O)=O)CC1=CC=CC=C1)=O)[C@H]2CC[C@@]3([H])[C@]4([H])[C@H](O)C[C@]5([H])C[C@H](O)CC[C@]5(C)[C@H]4C[C@H](O)[C@@]32C,"InChI=1S/C33H49NO6/c1-19(9-12-29(38)34-26(31(39)40)15-20-7-5-4-6-8-20)23-10-11-24-30-25(18-28(37)33(23,24)3)32(2)14-13-22(35)16-21(32)17-27(30)36/h4-8,19,21-28,30,35-37H,9-18H2,1-3H3,(H,34,38)(H,39,40)/t19-,21+,22-,23-,24+,25+,26?,27-,28+,30+,32+,33-/m1/s1",N/A,2,Positive,UPDATE-SINGLE-ANNOTATED-SILVER,Silver,88720,spectra/specs_ms.pklbin,lib-00023.mgf,0.877175,BILELIB19,14390,317.85,0,16,0,556.363,556.363,1,spectra/specs_ms.pklbin88720,1,,0,0,C33H49NO6,IQKZHEVJCMKOED-RYHSAYMFSA-N,IQKZHEVJCMKOED,Lipids and lipid-like molecules,Steroids and steroid derivatives,"Bile acids, alcohols and derivatives",Steroids,Cholane steroids,Terpenoids
CCMSLIB00006582292,Tyr-CA,572.358,571.351,ESI,Orbitrap,Crude,Dorrestein,Emily Gentry,M+H,1,,,C[C@H](CCC(N[C@H](C(O)=O)CC1=CC=C(O)C=C1)=O)[C@H]2CC[C@@]3([H])[C@]4([H])[C@H](O)C[C@]5([H])C[C@H](O)CC[C@]5(C)[C@H]4C[C@H](O)[C@@]32C,"InChI=1S/C33H49NO7/c1-18(4-11-29(39)34-26(31(40)41)14-19-5-7-21(35)8-6-19)23-9-10-24-30-25(17-28(38)33(23,24)3)32(2)13-12-22(36)15-20(32)16-27(30)37/h5-8,18,20,22-28,30,35-38H,4,9-17H2,1-3H3,(H,34,39)(H,40,41)/t18-,20+,22-,23-,24+,25+,26?,27-,28+,30+,32+,33-/m1/s1",N/A,2,Positive,UPDATE-SINGLE-ANNOTATED-SILVER,Silver,92003,spectra/specs_ms.pklbin,lib-00023.mgf,0.815124,BILELIB19,15324.8,285.435,0,15,0,572.358,572.358,1,spectra/specs_ms.pklbin92003,1,,0,0,C33H49NO7,UTTBUMIEHWNKLK-GRMAFNFHSA-N,UTTBUMIEHWNKLK,Lipids and lipid-like molecules,Steroids and steroid derivatives,"Bile acids, alcohols and derivatives",Steroids,Cholane steroids,Terpenoids
CCMSLIB00005464884,"""2-((4R)-4-((3R,5R,9S,10S,12S,13R,14S,17R)-12-hydroxy-10,13-dimethyl-3-(sulfooxy)hexadecahydro-1H-cyclopenta[a]phenanthren-17-yl)pentanamido)ethane-1-sulfonic acid""",602.243,579.254,ESI,qTof,crude,Dorrestein,Emily Gentry,M+Na,1,,,[H][C@@]1(CC[C@H]2[C@]3(C)CC[C@@H](OS(=O)(O)=O)C2)[C@@H]3C[C@H](O)[C@@]4(C)[C@H]1CC[C@@H]4[C@@H](CCC(NCCS(=O)(O)=O)=O)C,"""InChI=1S/C26H45NO9S2/c1-16(4-9-24(29)27-12-13-37(30,31)32)20-7-8-21-19-6-5-17-14-18(36-38(33,34)35)10-11-25(17,2)22(19)15-23(28)26(20,21)3/h16-23,28H,4-15H2,1-3H3,(H,27,29)(H,30,31,32)(H,33,34,35)/t16-,17-,18-,19+,20-,21+,22+,23+,25+,26-/m1/s1""",N/A,1,Positive,UPDATE-SINGLE-ANNOTATED-GOLD,Gold,97201,spectra/specs_ms.pklbin,lib-00023.mgf,0.788446,BILELIB19,15133.1,164.16,3.24308,10,0.00195312,602.243,602.241,1,spectra/specs_ms.pklbin97201,1,,0,0,C26H45NO9S2,UCVGCHGIKFWAGH-VAYUFCLWSA-N,UCVGCHGIKFWAGH,Lipids and lipid-like molecules,Steroids and steroid derivatives,"Bile acids, alcohols and derivatives",Steroids,Cholane steroids,Terpenoids
CCMSLIB00005464718,"""(4R)-4-((3S,5R,9S,10S,13R,14S,17R)-3-hydroxy-10,13-dimethyl-12-oxohexadecahydro-1H-cyclopenta[a]phenanthren-17-yl)pentanoic acid""",781.561,390.277,ESI,qTof,crude,Dorrestein,Emily Gentry,2M+H,1,,,[H][C@@]([C@@H]([C@@]12C)CC[C@@H]1[C@@H](CCC(O)=O)C)(CC[C@H]3[C@]4(C)CC[C@H](O)C3)[C@@H]4CC2=O,"""InChI=1S/C24H38O4/c1-14(4-9-22(27)28)18-7-8-19-17-6-5-15-12-16(25)10-11-23(15,2)20(17)13-21(26)24(18,19)3/h14-20,25H,4-13H2,1-3H3,(H,27,28)/t14-,15-,16+,17+,18-,19+,20+,23+,24-/m1/s1""",N/A,1,Positive,UPDATE-SINGLE-ANNOTATED-GOLD,Gold,115156,spectra/specs_ms.pklbin,lib-00023.mgf,0.742317,BILELIB19,99182.9,283.559,1.2495,10,0.000976562,781.561,781.56,1,spectra/specs_ms.pklbin115156,1,,0,0,C24H38O4,CVNYHSDFZXHMMJ-KIHIVPLQSA-N,CVNYHSDFZXHMMJ,Lipids and lipid-like molecules,Steroids and steroid derivatives,"Bile acids, alcohols and derivatives",Steroids,Cholane steroids,Terpenoids
CCMSLIB00006124685,"3a,7a-Dihydroxycholanoic acid - 40.0 eV",785.594,0,ESI,Orbitrap,Isolated,PI,Data Collector,Unknown,1,,N/A,C[C@H](CCC(=O)O)[C@H]1CC[C@@H]2[C@@]1(CC[C@H]3[C@H]2[C@@H](CC4[C@@]3(CC[C@H](C4)O)C)O)C,"InChI=1S/C24H40O4/c1-14(4-7-21(27)28)17-5-6-18-22-19(9-11-24(17,18)3)23(2)10-8-16(25)12-15(23)13-20(22)26/h14-20,22,25-26H,4-13H2,1-3H3,(H,27,28)/t14-,15?,16-,17-,18+,19+,20-,22+,23+,24-/m1/s1",N/A,1,Positive,UPDATE-SINGLE-ANNOTATED-GOLD,Gold,115469,spectra/specs_ms.pklbin,lib-00034.mgf,0.95824,BIRMINGHAM-UHPLC-MS-POS,140511,225.957,2.2531,16,0.00177002,785.594,785.592,1,spectra/specs_ms.pklbin115469,1,,0,0,C24H40O4,RUDATBOHQWOJDD-BYRKYSOESA-N,RUDATBOHQWOJDD,Lipids and lipid-like molecules,Steroids and steroid derivatives,"Bile acids, alcohols and derivatives",Steroids,Cholane steroids,Terpenoids
CCMSLIB00005465352,"""(4R)-4-((5S,7R,9S,10S,13R,14S,17R)-7-hydroxy-10,13-dimethyl-3-oxohexadecahydro-1H-cyclopenta[a]phenanthren-17-yl)pentanoic acid""",803.543,390.277,ESI,qTof,crude,Dorrestein,Emily Gentry,2M+Na,1,,,[H][C@@]1([C@H](O)C[C@@H]2[C@]3(C)CCC(C2)=O)[C@@H]3CC[C@@]4(C)[C@H]1CC[C@@H]4[C@@H](CCC(O)=O)C,"""InChI=1S/C24H38O4/c1-14(4-7-21(27)28)17-5-6-18-22-19(9-11-24(17,18)3)23(2)10-8-16(25)12-15(23)13-20(22)26/h14-15,17-20,22,26H,4-13H2,1-3H3,(H,27,28)/t14-,15-,17-,18+,19+,20-,22+,23+,24-/m1/s1""",N/A,1,Positive,UPDATE-SINGLE-ANNOTATED-GOLD,Gold,116549,spectra/specs_ms.pklbin,lib-00023.mgf,0.905445,BILELIB19,66901.4,325.068,1.29128,7,0.0010376,803.543,803.542,1,spectra/specs_ms.pklbin116549,1,,0,0,C24H38O4,KNVADAPHVNKTEP-LIMNXCBBSA-N,KNVADAPHVNKTEP,Lipids and lipid-like molecules,Steroids and steroid derivatives,"Bile acids, alcohols and derivatives",Steroids,Cholane steroids,Terpenoids
CCMSLIB00005464832,"""(R)-4-((3R,5S,8R,9S,10S,12R,13R,14S,17R)-3,12-dihydroxy-10,13-dimethylhexadecahydro-1H-cyclopenta[a]phenanthren-17-yl)pentanoic acid""",807.575,392.293,ESI,qTof,crude,Dorrestein,Emily Gentry,2M+Na,1,,,C[C@@H]([C@H]1CC[C@]2([H])[C@]1(C)[C@H](O)C[C@@]3([H])[C@@]2([H])CC[C@]4([H])[C@]3(C)CC[C@@H](O)C4)CCC(O)=O,"""InChI=1S/C24H40O4/c1-14(4-9-22(27)28)18-7-8-19-17-6-5-15-12-16(25)10-11-23(15,2)20(17)13-21(26)24(18,19)3/h14-21,25-26H,4-13H2,1-3H3,(H,27,28)/t14-,15+,16-,17+,18-,19+,20+,21-,23+,24-/m1/s1""",N/A,1,Positive,UPDATE-SINGLE-ANNOTATED-GOLD,Gold,116751,spectra/specs_ms.pklbin,lib-00023.mgf,0.906096,BILELIB19,59870.2,345.017,2.49408,6,0.00201416,807.575,807.573,1,spectra/specs_ms.pklbin116751,1,,0,0,C24H40O4,KXGVEGMKQFWNSR-DNZDVJRKSA-N,KXGVEGMKQFWNSR,Lipids and lipid-like molecules,Steroids and steroid derivatives,"Bile acids, alcohols and derivatives",Steroids,Cholane steroids,Terpenoids
CCMSLIB00005464812,"""(R)-4-((3R,5S,8R,9S,10S,13R,14S,17R)-3-hydroxy-10,13-dimethyl-7,12-dioxohexadecahydro-1H-cyclopenta[a]phenanthren-17-yl)pentanoic acid""",809.52,404.256,ESI,qTof,crude,Dorrestein,Emily Gentry,2M+H,1,,,C[C@@H]([C@H]1CC[C@]2([H])[C@]1(C)C(C[C@@]3([H])[C@@]2([H])C(C[C@@]4([H])[C@]3(C)CC[C@@H](O)C4)=O)=O)CCC(O)=O,"""InChI=1S/C24H36O5/c1-13(4-7-21(28)29)16-5-6-17-22-18(12-20(27)24(16,17)3)23(2)9-8-15(25)10-14(23)11-19(22)26/h13-18,22,25H,4-12H2,1-3H3,(H,28,29)/t13-,14+,15-,16-,17+,18+,22+,23+,24-/m1/s1""",N/A,1,Positive,UPDATE-SINGLE-ANNOTATED-GOLD,Gold,116799,spectra/specs_ms.pklbin,lib-00023.mgf,0.764409,BILELIB19,9954.89,263.485,1.28174,11,0.0010376,809.52,809.519,1,spectra/specs_ms.pklbin116799,1,,0,0,C24H36O5,MAFJMPFLJJCSTB-FQBQTYDJSA-N,MAFJMPFLJJCSTB,Lipids and lipid-like molecules,Steroids and steroid derivatives,"Bile acids, alcohols and derivatives",Steroids,Cholane steroids,Terpenoids
CCMSLIB00005464789,"""(R)-4-((3S,5S,7R,8R,9S,10S,13R,14S,17R)-3,7-dihydroxy-10,13-dimethyl-12-oxohexadecahydro-1H-cyclopenta[a]phenanthren-17-yl)pentanoic acid""",813.551,406.272,ESI,qTof,crude,Dorrestein,Emily Gentry,2M+H,1,,,C[C@@H]([C@H]1CC[C@]2([H])[C@]1(C)C(C[C@@]3([H])[C@@]2([H])[C@H](O)C[C@@]4([H])[C@]3(C)CC[C@H](O)C4)=O)CCC(O)=O,"""InChI=1S/C24H38O5/c1-13(4-7-21(28)29)16-5-6-17-22-18(12-20(27)24(16,17)3)23(2)9-8-15(25)10-14(23)11-19(22)26/h13-19,22,25-26H,4-12H2,1-3H3,(H,28,29)/t13-,14+,15+,16-,17+,18+,19-,22+,23+,24-/m1/s1""",N/A,1,Positive,UPDATE-SINGLE-ANNOTATED-GOLD,Gold,116984,spectra/specs_ms.pklbin,lib-00023.mgf,0.730226,BILELIB19,67941.8,239.65,1.27539,12,0.0010376,813.551,813.55,1,spectra/specs_ms.pklbin116984,1,,0,0,C24H38O5,MIHNUBCEFJLAGN-MTUXEBOFSA-N,MIHNUBCEFJLAGN,Lipids and lipid-like molecules,Steroids and steroid derivatives,"Bile acids, alcohols and derivatives",Steroids,Cholane steroids,Terpenoids
CCMSLIB00006118712,cholic acid - 40.0 eV,817.584,0,ESI,Orbitrap,Isolated,PI,Data Collector,Unknown,1,,N/A,C[C@H](CCC(=O)O)[C@H]1CC[C@@H]2[C@@]1([C@H](C[C@H]3[C@H]2[C@@H](C[C@H]4[C@@]3(CC[C@H](C4)O)C)O)O)C,"InChI=1S/C24H40O5/c1-13(4-7-21(28)29)16-5-6-17-22-18(12-20(27)24(16,17)3)23(2)9-8-15(25)10-14(23)11-19(22)26/h13-20,22,25-27H,4-12H2,1-3H3,(H,28,29)/t13-,14+,15-,16-,17+,18+,19-,20+,22+,23+,24-/m1/s1",N/A,1,Positive,UPDATE-SINGLE-ANNOTATED-GOLD,Gold,117241,spectra/specs_ms.pklbin,lib-00034.mgf,0.902347,BIRMINGHAM-UHPLC-MS-POS,129178,198.548,2.16494,16,0.00177002,817.584,817.582,1,spectra/specs_ms.pklbin117241,1,,0,0,C24H40O5,BHQCQFFYRZLCQQ-OELDTZBJSA-N,BHQCQFFYRZLCQQ,Lipids and lipid-like molecules,Steroids and steroid derivatives,"Bile acids, alcohols and derivatives",Steroids,Cholane steroids,Terpenoids
CCMSLIB00005464809,"""(R)-4-((3R,5S,8R,9S,10S,13R,14S,17R)-3-hydroxy-10,13-dimethyl-7,12-dioxohexadecahydro-1H-cyclopenta[a]phenanthren-17-yl)pentanoic acid""",831.502,404.256,ESI,qTof,crude,Dorrestein,Emily Gentry,2M+Na,1,,,C[C@@H]([C@H]1CC[C@]2([H])[C@]1(C)C(C[C@@]3([H])[C@@]2([H])C(C[C@@]4([H])[C@]3(C)CC[C@@H](O)C4)=O)=O)CCC(O)=O,"""InChI=1S/C24H36O5/c1-13(4-7-21(28)29)16-5-6-17-22-18(12-20(27)24(16,17)3)23(2)9-8-15(25)10-14(23)11-19(22)26/h13-18,22,25H,4-12H2,1-3H3,(H,28,29)/t13-,14+,15-,16-,17+,18+,22+,23+,24-/m1/s1""",N/A,1,Positive,UPDATE-SINGLE-ANNOTATED-GOLD,Gold,117866,spectra/specs_ms.pklbin,lib-00023.mgf,0.841888,BILELIB19,19358,262.973,1.24786,9,0.0010376,831.502,831.501,1,spectra/specs_ms.pklbin117866,1,,0,0,C24H36O5,MAFJMPFLJJCSTB-FQBQTYDJSA-N,MAFJMPFLJJCSTB,Lipids and lipid-like molecules,Steroids and steroid derivatives,"Bile acids, alcohols and derivatives",Steroids,Cholane steroids,Terpenoids
CCMSLIB00005435981,Cholic acid,834.609,408.288,LC-ESI,qTof,Commercial,Uwe Karst,Robin Schmid,2M+NH4,1,81-25-4, ,[H][C@@]12C[C@H](O)CC[C@]1(C)[C@@]1([H])C[C@H](O)[C@]3(C)[C@]([H])(CC[C@@]3([H])[C@]1([H])[C@H](O)C2)[C@H](C)CCC(O)=O,"InChI=1S/C24H40O5/c1-13(4-7-21(28)29)16-5-6-17-22-18(12-20(27)24(16,17)3)23(2)9-8-15(25)10-14(23)11-19(22)26/h13-20,22,25-27H,4-12H2,1-3H3,(H,28,29)/t13-,14+,15-,16-,17+,18+,19-,20+,22+,23+,24-/m1/s1",BHQCQFFYRZLCQQ-OELDTZBJSA-N,3,Positive,UPDATE-SINGLE-ANNOTATED-BRONZE,Bronze,118093,spectra/specs_ms.pklbin,lib-00042.mgf,0.818783,GNPS-LIBRARY,95519.3,198.393,1.24321,14,0.0010376,834.609,834.608,1,spectra/specs_ms.pklbin118093,1,,132,10171,C24H40O5,BHQCQFFYRZLCQQ-OELDTZBJSA-N,BHQCQFFYRZLCQQ,Lipids and lipid-like molecules,Steroids and steroid derivatives,"Bile acids, alcohols and derivatives",Steroids,Cholane steroids,Terpenoids
CCMSLIB00005465140,"""(4R)-4-((3S,5S,7S,9S,10S,13R,14S,17R)-3,7-dihydroxy-10,13-dimethyl-12-oxohexadecahydro-1H-cyclopenta[a]phenanthren-17-yl)pentanoic acid""",835.533,406.272,ESI,qTof,crude,Dorrestein,Emily Gentry,2M+Na,1,,,O[C@H]1CC[C@@]2(C)[C@H](C[C@H](O)[C@]([C@H]3[C@@]4(C)[C@@H]([C@H](C)CCC(O)=O)CC3)([H])[C@@H]2CC4=O)C1,"""InChI=1S/C24H38O5/c1-13(4-7-21(28)29)16-5-6-17-22-18(12-20(27)24(16,17)3)23(2)9-8-15(25)10-14(23)11-19(22)26/h13-19,22,25-26H,4-12H2,1-3H3,(H,28,29)/t13-,14+,15+,16-,17+,18+,19+,22+,23+,24-/m1/s1""",N/A,1,Positive,UPDATE-SINGLE-ANNOTATED-GOLD,Gold,118125,spectra/specs_ms.pklbin,lib-00023.mgf,0.881404,BILELIB19,80018.3,277.675,1.24184,6,0.0010376,835.533,835.532,1,spectra/specs_ms.pklbin118125,1,,0,0,C24H38O5,MIHNUBCEFJLAGN-BENKZWDNSA-N,MIHNUBCEFJLAGN,Lipids and lipid-like molecules,Steroids and steroid derivatives,"Bile acids, alcohols and derivatives",Steroids,Cholane steroids,Terpenoids
CCMSLIB00005465513,"""(4R)-4-((3R,5S,6S,7R,8R,9S,10R,12S,13R,17R)-3,6,7,12-tetrahydroxy-10,13-dimethylhexadecahydro-1H-cyclopenta[a]phenanthren-17-yl)pentanoic acid""",849.572,424.283,ESI,qTof,crude,Dorrestein,Emily Gentry,2M+H,1,,,C[C@@H]([C@H]1CCC2[C@]1(C)[C@@H](O)C[C@@]3([H])[C@@]2([H])[C@@H](O)[C@@H](O)[C@]4([H])[C@]3(C)CC[C@@H](O)C4)CCC(O)=O,"""InChI=1S/C24H40O6/c1-12(4-7-19(27)28)14-5-6-15-20-16(11-18(26)24(14,15)3)23(2)9-8-13(25)10-17(23)21(29)22(20)30/h12-18,20-22,25-26,29-30H,4-11H2,1-3H3,(H,27,28)/t12-,13-,14-,15+,16+,17-,18+,20+,21+,22-,23-,24-/m1/s1""",N/A,1,Positive,UPDATE-SINGLE-ANNOTATED-GOLD,Gold,118684,spectra/specs_ms.pklbin,lib-00023.mgf,0.76422,BILELIB19,13016.6,237.419,0,13,0,849.572,849.572,1,spectra/specs_ms.pklbin118684,1,,0,0,C24H40O6,COCMFMBNEAMQMA-KRVSPHHKSA-N,COCMFMBNEAMQMA,Lipids and lipid-like molecules,Steroids and steroid derivatives,"Bile acids, alcohols and derivatives",Steroids,Cholane steroids,Terpenoids
CCMSLIB00005465365,"""(3R,7R,8R,9S,10S,12S,13R,14S,17R)-17-((2R,5R)-5,7-dihydroxyheptan-2-yl)-10,13-dimethylhexadecahydro-1H-cyclopenta[a]phenanthrene-3,7,12-triol""",877.676,438.335,ESI,qTof,crude,Dorrestein,Emily Gentry,2M+H,1,,,O[C@@H](C1)CC[C@@]2(C)C1([H])C[C@@H](O)[C@]3([H])[C@]2([H])C[C@H](O)[C@@]4(C)[C@@]3([H])CC[C@@]4([C@H](C)CC[C@@H](O)CCO)[H],"""InChI=1S/C26H46O5/c1-15(4-5-17(28)9-11-27)19-6-7-20-24-21(14-23(31)26(19,20)3)25(2)10-8-18(29)12-16(25)13-22(24)30/h15-24,27-31H,4-14H2,1-3H3/t15?,16?,17-,18-,19-,20+,21+,22-,23+,24+,25?,26?/m1/s1""",N/A,1,Positive,UPDATE-SINGLE-ANNOTATED-GOLD,Gold,119961,spectra/specs_ms.pklbin,lib-00023.mgf,0.721021,BILELIB19,2899.88,249.268,1.18221,9,0.0010376,877.676,877.675,1,spectra/specs_ms.pklbin119961,1,,0,0,C26H46O5,PBXYLMVLLSYZLN-ZEQVKZOHSA-N,PBXYLMVLLSYZLN,Lipids and lipid-like molecules,Steroids and steroid derivatives,"Bile acids, alcohols and derivatives",Steroids,Cholane steroids|Cholestane steroids,Terpenoids
CCMSLIB00005435530,glycohyodeoxycholic acid,899.635,449.314,ESI,Orbitrap,commercial,Dorrestein,A. Jarmusch,2M+H,1,13042-33-6,N/A,C[C@H](CCC(=O)NCC(=O)O)[C@H]1CC[C@@H]2[C@@]1(CC[C@H]3[C@H]2C[C@@H]([C@H]4[C@@]3(CC[C@H](C4)O)C)O)C,"1S/C26H43NO5/c1-15(4-7-23(30)27-14-24(31)32)18-5-6-19-17-13-22(29)21-12-16(28)8-10-26(21,3)20(17)9-11-25(18,19)2/h15-22,28-29H,4-14H2,1-3H3,(H,27,30)(H,31,32)/t15-,16-,17+,18-,19+,20+,21+,22+,25-,26-/m1/s1",N/A,1,Positive,UPDATE-SINGLE-ANNOTATED-GOLD,Gold,120810,spectra/specs_ms.pklbin,lib-00023.mgf,0.939381,BILELIB19,7685.66,262.203,1.15335,16,0.0010376,899.635,899.634,1,spectra/specs_ms.pklbin120810,1,,0,0,C26H43NO5,SPOIYSFQOFYOFZ-BRDORRHWSA-N,SPOIYSFQOFYOFZ,Lipids and lipid-like molecules,Steroids and steroid derivatives,"Bile acids, alcohols and derivatives",Steroids,Cholane steroids,Terpenoids
CCMSLIB00005435517,glycocholic acid,931.625,465.309,ESI,Orbitrap,commercial,Dorrestein,A. Jarmusch,2M+H,1,475-31-0,N/A,C[C@H](CCC(=O)NCC(=O)O)[C@H]1CC[C@@H]2[C@@]1([C@H](C[C@H]3[C@H]2[C@@H](C[C@H]4[C@@]3(CC[C@H](C4)O)C)O)O)C,"1S/C26H43NO6/c1-14(4-7-22(31)27-13-23(32)33)17-5-6-18-24-19(12-21(30)26(17,18)3)25(2)9-8-16(28)10-15(25)11-20(24)29/h14-21,24,28-30H,4-13H2,1-3H3,(H,27,31)(H,32,33)/t14?,15-,16+,17+,18-,19-,20+,21-,24-,25?,26?/m0/s1",N/A,1,Positive,UPDATE-SINGLE-ANNOTATED-GOLD,Gold,121775,spectra/specs_ms.pklbin,lib-00023.mgf,0.857449,BILELIB19,13096.3,181.003,1.04824,14,0.000976562,931.625,931.624,1,spectra/specs_ms.pklbin121775,1,,0,0,C26H43NO6,RFDAIACWWDREDC-FRVQLJSFSA-N,RFDAIACWWDREDC,Lipids and lipid-like molecules,Steroids and steroid derivatives,"Bile acids, alcohols and derivatives",Steroids,Cholane steroids,Terpenoids
CCMSLIB00005465873,"""(4R)-4-((3R,5R,8R,9S,10S,12S,13R,17R)-12-hydroxy-10,13-dimethyl-3-(sulfooxy)hexadecahydro-1H-cyclopenta[a]phenanthren-17-yl)pentanoic acid""",945.506,472.249,ESI,qTof,crude,Dorrestein,Emily Gentry,2M+H,1,,,C[C@@H]([C@H]1CC[C@]2([H])[C@]1(C)[C@@H](O)C[C@@]3([H])[C@@]2([H])CC[C@@]4([H])[C@]3(C)CC[C@@H](OS(=O)(O)=O)C4)CCC(O)=O,"""InChI=1S/C24H40O7S/c1-14(4-9-22(26)27)18-7-8-19-17-6-5-15-12-16(31-32(28,29)30)10-11-23(15,2)20(17)13-21(25)24(18,19)3/h14-21,25H,4-13H2,1-3H3,(H,26,27)(H,28,29,30)/t14-,15-,16-,17+,18-,19+,20+,21+,23+,24-/m1/s1""",N/A,1,Positive,UPDATE-SINGLE-ANNOTATED-GOLD,Gold,122220,spectra/specs_ms.pklbin,lib-00023.mgf,0.80058,BILELIB19,29205.6,242.103,1.03285,13,0.000976562,945.506,945.505,1,spectra/specs_ms.pklbin122220,1,,0,0,C24H40O7S,ARGCPGOJOKCMSW-LLQZFEROSA-N,ARGCPGOJOKCMSW,Lipids and lipid-like molecules,Steroids and steroid derivatives,"Bile acids, alcohols and derivatives",Steroids,Cholane steroids,Terpenoids
CCMSLIB00005464872,"""((R)-4-((3R,5S,7S,8R,9S,10S,12S,13R,14S,17R)-3,7,12-trihydroxy-10,13-dimethylhexadecahydro-1H-cyclopenta[a]phenanthren-17-yl)pentanoyl)glycine""",953.607,465.309,ESI,qTof,crude,Dorrestein,Emily Gentry,2M+Na,1,,,C[C@@H]([C@H]1CC[C@]2([H])[C@]1(C)[C@@H](O)C[C@@]3([H])[C@@]2([H])[C@@H](O)C[C@@]4([H])[C@]3(C)CC[C@@H](O)C4)CCC(NCC(O)=O)=O,"""InChI=1S/C26H43NO6/c1-14(4-7-22(31)27-13-23(32)33)17-5-6-18-24-19(12-21(30)26(17,18)3)25(2)9-8-16(28)10-15(25)11-20(24)29/h14-21,24,28-30H,4-13H2,1-3H3,(H,27,31)(H,32,33)/t14-,15+,16-,17-,18+,19+,20+,21+,24+,25+,26-/m1/s1""",N/A,1,Positive,UPDATE-SINGLE-ANNOTATED-GOLD,Gold,122425,spectra/specs_ms.pklbin,lib-00023.mgf,0.844718,BILELIB19,3961.13,270.475,1.02407,12,0.000976562,953.607,953.606,1,spectra/specs_ms.pklbin122425,1,,0,0,C26H43NO6,RFDAIACWWDREDC-IFZPJRIXSA-N,RFDAIACWWDREDC,Lipids and lipid-like molecules,Steroids and steroid derivatives,"Bile acids, alcohols and derivatives",Steroids,Cholane steroids,Terpenoids
CCMSLIB00005465872,"""(4R)-4-((3R,5R,8R,9S,10S,12S,13R,17R)-12-hydroxy-10,13-dimethyl-3-(sulfooxy)hexadecahydro-1H-cyclopenta[a]phenanthren-17-yl)pentanoic acid""",967.488,472.249,ESI,qTof,crude,Dorrestein,Emily Gentry,2M+Na,1,,,C[C@@H]([C@H]1CC[C@]2([H])[C@]1(C)[C@@H](O)C[C@@]3([H])[C@@]2([H])CC[C@@]4([H])[C@]3(C)CC[C@@H](OS(=O)(O)=O)C4)CCC(O)=O,"""InChI=1S/C24H40O7S/c1-14(4-9-22(26)27)18-7-8-19-17-6-5-15-12-16(31-32(28,29)30)10-11-23(15,2)20(17)13-21(25)24(18,19)3/h14-21,25H,4-13H2,1-3H3,(H,26,27)(H,28,29,30)/t14-,15-,16-,17+,18-,19+,20+,21+,23+,24-/m1/s1""",N/A,1,Positive,UPDATE-SINGLE-ANNOTATED-GOLD,Gold,122732,spectra/specs_ms.pklbin,lib-00023.mgf,0.808927,BILELIB19,39426.5,274.431,1.00938,8,0.000976562,967.488,967.487,1,spectra/specs_ms.pklbin122732,1,,0,0,C24H40O7S,ARGCPGOJOKCMSW-LLQZFEROSA-N,ARGCPGOJOKCMSW,Lipids and lipid-like molecules,Steroids and steroid derivatives,"Bile acids, alcohols and derivatives",Steroids,Cholane steroids,Terpenoids
CCMSLIB00005435586,taurohyodeoxycholic acid,999.599,499.297,ESI,Orbitrap,commercial,Dorrestein,A. Jarmusch,2M+H,1,2958-04-05,N/A,C[C@H](CCC(=O)NCCS(=O)(=O)O)[C@H]1CC[C@@H]2[C@@]1(CC[C@H]3[C@H]2C[C@@H]([C@H]4[C@@]3(CC[C@H](C4)O)C)O)C,"1S/C26H45NO6S/c1-16(4-7-24(30)27-12-13-34(31,32)33)19-5-6-20-18-15-23(29)22-14-17(28)8-10-26(22,3)21(18)9-11-25(19,20)2/h16-23,28-29H,4-15H2,1-3H3,(H,27,30)(H,31,32,33)/t16?,17-,18+,19-,20+,21+,22+,23+,25?,26?/m1/s1",N/A,1,Positive,UPDATE-SINGLE-ANNOTATED-GOLD,Gold,123293,spectra/specs_ms.pklbin,lib-00023.mgf,0.891437,BILELIB19,16199.3,183.472,2.01497,17,0.00201416,999.599,999.601,1,spectra/specs_ms.pklbin123293,1,,0,0,C26H45NO6S,HMXPOCDLAFAFNT-BHYUGXBJSA-N,HMXPOCDLAFAFNT,Lipids and lipid-like molecules,Steroids and steroid derivatives,"Bile acids, alcohols and derivatives",Steroids,Cholane steroids,Terpenoids
CCMSLIB00005435565,taurocholic acid,1031.59,515.292,ESI,Orbitrap,commercial,Dorrestein,A. Jarmusch,2M+H,1,?81-24-3,N/A,C[C@H](CCC(=O)NCCS(=O)(=O)O)[C@H]1CC[C@@H]2[C@@]1([C@H](C[C@H]3[C@H]2[C@@H](C[C@H]4[C@@]3(CC[C@H](C4)O)C)O)O)C,"1S/C26H45NO7S/c1-15(4-7-23(31)27-10-11-35(32,33)34)18-5-6-19-24-20(14-22(30)26(18,19)3)25(2)9-8-17(28)12-16(25)13-21(24)29/h15-22,24,28-30H,4-14H2,1-3H3,(H,27,31)(H,32,33,34)/t15?,16-,17+,18+,19-,20-,21+,22-,24-,25?,26?/m0/s1",N/A,1,Positive,UPDATE-SINGLE-ANNOTATED-GOLD,Gold,123821,spectra/specs_ms.pklbin,lib-00023.mgf,0.879518,BILELIB19,24982.3,166.427,0.946658,17,0.000976562,1031.59,1031.59,1,spectra/specs_ms.pklbin123821,1,,0,0,C26H45NO7S,WBWWGRHZICKQGZ-HZAMXZRMSA-N,WBWWGRHZICKQGZ,Lipids and lipid-like molecules,Steroids and steroid derivatives,"Bile acids, alcohols and derivatives",Steroids,Cholane steroids,Terpenoids
CCMSLIB00005435566,taurocholic acid,1053.57,515.292,ESI,Orbitrap,commercial,Dorrestein,A. Jarmusch,2M+Na,1,?81-24-3,N/A,C[C@H](CCC(=O)NCCS(=O)(=O)O)[C@H]1CC[C@@H]2[C@@]1([C@H](C[C@H]3[C@H]2[C@@H](C[C@H]4[C@@]3(CC[C@H](C4)O)C)O)O)C,"1S/C26H45NO7S/c1-15(4-7-23(31)27-10-11-35(32,33)34)18-5-6-19-24-20(14-22(30)26(18,19)3)25(2)9-8-17(28)12-16(25)13-21(24)29/h15-22,24,28-30H,4-14H2,1-3H3,(H,27,31)(H,32,33,34)/t15?,16-,17+,18+,19-,20-,21+,22-,24-,25?,26?/m0/s1",N/A,1,Positive,UPDATE-SINGLE-ANNOTATED-GOLD,Gold,124138,spectra/specs_ms.pklbin,lib-00023.mgf,0.786336,BILELIB19,1972.29,167.007,1.04277,7,0.00109863,1053.57,1053.57,1,spectra/specs_ms.pklbin124138,1,,0,0,C26H45NO7S,WBWWGRHZICKQGZ-HZAMXZRMSA-N,WBWWGRHZICKQGZ,Lipids and lipid-like molecules,Steroids and steroid derivatives,"Bile acids, alcohols and derivatives",Steroids,Cholane steroids,Terpenoids
CCMSLIB00005465570,"""2-((4R)-4-((3R,5S,7S,9S,10S,13R,14S,17R)-3,7-dihydroxy-10,13-dimethylhexadecahydro-1H-cyclopenta[a]phenanthren-17-yl)-2,2-dimethylpentanamido)ethane-1-sulfonic acid""",1055.66,527.328,ESI,qTof,crude,Dorrestein,Emily Gentry,2M+H,1,,,[H][C@@]12[C@@H](O)C[C@]3([H])C[C@H](O)CC[C@]3(C)[C@H]1CC[C@@]4(C)[C@H]2CC[C@@H]4[C@@H](CCC(NCC(C)(C)S(=O)(O)=O)=O)C,"""InChI=1S/C28H49NO6S/c1-17(6-9-24(32)29-16-26(2,3)36(33,34)35)20-7-8-21-25-22(11-13-28(20,21)5)27(4)12-10-19(30)14-18(27)15-23(25)31/h17-23,25,30-31H,6-16H2,1-5H3,(H,29,32)(H,33,34,35)/t17-,18+,19-,20-,21+,22+,23+,25+,27+,28-/m1/s1""",N/A,1,Positive,UPDATE-SINGLE-ANNOTATED-GOLD,Gold,124175,spectra/specs_ms.pklbin,lib-00023.mgf,0.755195,BILELIB19,1853.27,355.499,3.81593,17,0.00402832,1055.66,1055.66,1,spectra/specs_ms.pklbin124175,1,,0,0,C28H49NO6S,UXAHTIGXQXJADE-VHDFTFQCSA-N,UXAHTIGXQXJADE,Lipids and lipid-like molecules,Steroids and steroid derivatives,"Bile acids, alcohols and derivatives",Steroids,Cholane steroids,Terpenoids
